Time,Speed_compact,Speed_sedan,Speed_SUV
0,1.39351974681997,1.08026134409806,0.331
0.01,0.438,-0.36968179213075,-0.533
0.02,0.715,0.725261344098062,0.715
0.03,0.119,0.485,-0.557
0.04,0.048,-0.18668179213075,-0.036
0.05,-0.901359662426632,-0.92668179213075,-0.752837061996427
0.06,0.797,0.849,0.49062779649732
0.07,0.39,1.16126134409806,-0.39
0.08,-0.447,0.263,-1.44783706199643
0.09,0.2,0.944261344098062,0.41362779649732
0.1,1.14,-1.22168179213075,-0.037
0.11,-0.703359662426632,1.38126134409806,-0.267
0.12,-0.382359662426632,0.582,-0.352
0.13,0.782519746819974,0.182,-0.157
0.14,0.937519746819974,0.474,0.61362779649732
0.15,-0.106,-0.70568179213075,0.21662779649732
0.16,0.771519746819974,0.367,-1.28483706199643
0.17,-0.189,-0.54968179213075,1.27762779649732
0.18,-0.564359662426632,-0.86068179213075,0.71462779649732
0.19,-0.949,-0.208,-0.403
0.2,1.19651974681997,-0.70068179213075,0.32362779649732
0.21,-0.679359662426632,0.783,-0.901
0.22,0.453,-0.41468179213075,-0.419
0.23,0.578519746819974,1.90126134409806,-0.46
0.24,-0.547,-0.57168179213075,-1.13883706199643
0.25,0.258,0.205,-0.353
0.26,0.433,-0.061,0.69962779649732
0.27,1.29551974681997,-1.11568179213075,0.51362779649732
0.28,1.16851974681997,-0.44068179213075,-0.962837061996427
0.29,0.586,0.721261344098062,-0.704
0.3,-0.679359662426632,-0.19468179213075,-0.0353722035026799
0.31,0.32,-0.49268179213075,-0.259
0.32,-1.64535966242663,-0.43668179213075,-1.16883706199643
0.33,-0.303,-0.34,-0.818
0.34,0.988519746819974,-0.577,-0.027
0.35,0.13,0.121,-1.16783706199643
0.36,0.637,0.675261344098062,0.009
0.37,-0.831359662426632,1.04426134409806,0.68362779649732
0.38,0.318,-0.51268179213075,-1.11383706199643
0.39,0.00564033757336813,0.042,0.012
0.4,0.735519746819974,0.406,-0.252
0.41,-0.114,-0.048,0.91562779649732
0.42,-0.2,0.051,0.417
0.43,1.32551974681997,0.299,-0.027
0.44,0.532,0.539,-0.444
0.45,0.162,0.217,-0.108
0.46,0.779,-0.84168179213075,0.079
0.47,0.203,1.21026134409806,0.43
0.48,0.975519746819974,0.88,-0.324
0.49,0.973519746819974,0.19,-0.778
0.5,0.609519746819974,-0.91368179213075,-0.265
0.51,0.341,-0.75968179213075,0.214
0.52,0.39,0.0463182078692501,-1.23383706199643
0.53,-0.133,0.468,-0.18
0.54,-0.487,0.939261344098062,-1.18583706199643
0.55,0.128,-0.115,0.90762779649732
0.56,0.799519746819974,-0.154,0.167
0.57,-0.335,0.201,0.05
0.58,0.277,-0.48668179213075,-0.784837061996427
0.59,-0.065,-0.073,0.281
0.6,0.841,0.804,0.38062779649732
0.61,1.035,0.112,-0.925837061996427
0.62,-0.0263596624266319,0.529,-1.13483706199643
0.63,-1.15835966242663,0.178,-1.10883706199643
0.64,0.926519746819974,0.887261344098062,-0.653837061996427
0.65,0.242,-0.80568179213075,-0.339
0.66,-0.322,0.201,0.73062779649732
0.67,-0.928359662426632,0.242,-0.921837061996427
0.68,0.833519746819974,-0.97168179213075,0.106
0.69,0.306,0.792,1.19562779649732
0.7,0.689,0.542,0.00862779649732004
0.71,-0.117,0.283,-0.401
0.72,0.388,0.799,0.28
0.73,-0.920359662426632,-0.355,-0.391
0.74,-0.159359662426632,0.026,0.143
0.75,0.683519746819974,-0.28668179213075,0.43462779649732
0.76,-0.946359662426632,0.163,0.49662779649732
0.77,0.763519746819974,-1.12868179213075,-0.518
0.78,-0.513,0.064,0.76262779649732
0.79,1.28451974681997,1.13826134409806,0.033
0.8,-0.773359662426632,0.447,-0.353
0.81,-0.069,0.879261344098062,-0.535837061996427
0.82,1.89651974681997,0.619261344098062,-0.567
0.83,-0.274,1.21526134409806,-0.217
0.84,0.042,1.00026134409806,-0.719837061996427
0.85,-0.159359662426632,0.237,0.254
0.86,-1.25535966242663,0.615,-0.24
0.87,-0.179359662426632,1.17226134409806,-0.196
0.88,1.24951974681997,0.561,-0.795
0.89,-0.534359662426632,0.743,-0.923837061996427
0.9,0.069,0.335,0.42162779649732
0.91,-0.551359662426632,0.904261344098062,0.58262779649732
0.92,-0.362,-0.17268179213075,-1.37883706199643
0.93,0.896519746819974,1.14126134409806,-0.23
0.94,-0.573359662426632,-0.68968179213075,-0.578
0.95,0.273,0.59,-1.13483706199643
0.96,-0.717,0.079,-0.459
0.97,0.013,0.017,0.04
0.98,-0.746359662426632,-0.008,-0.607
0.99,1.20251974681997,0.258,0.44262779649732
1,-0.759359662426632,-0.13868179213075,0.526
1.01,1.76551974681997,0.312,0.57
1.02,0.044,-1.09968179213075,-0.209
1.03,0.265,0.847,-0.604837061996427
1.04,0.618,0.652261344098062,-1.214
1.05,0.3,1.14526134409806,-0.939837061996427
1.06,-0.56,-0.122,-0.979837061996427
1.07,0.672519746819974,0.736261344098062,-0.870837061996427
1.08,0.43,0.648261344098062,-0.533
1.09,0.093,0.519,-0.019
1.1,-1.29735966242663,-0.74568179213075,0.33562779649732
1.11,0.044,-0.056,0.46862779649732
1.12,0.110640337573368,1.10926134409806,-0.946837061996427
1.13,0.454,1.19426134409806,-1.00383706199643
1.14,-0.075,0.517,0.387
1.15,1.36551974681997,-0.148,0.58762779649732
1.16,0.39,-0.437,0.153
1.17,1.46751974681997,-0.169,0.443
1.18,-0.409359662426632,0.017,-0.018
1.19,0.783,-0.419,-0.215
1.2,1.38751974681997,0.004,0.117
1.21,0.221,0.557,-0.920837061996427
1.22,0.194,-0.98568179213075,0.25162779649732
1.23,0.481,-0.73868179213075,0.58962779649732
1.24,-0.771,0.117,0.689
1.25,-0.037,-1.01068179213075,-0.175
1.26,-0.779359662426632,0.281,-0.204
1.27,-0.233359662426632,-0.034,-1.08283706199643
1.28,-0.389,-0.023,0.279
1.29,0.146,1.28126134409806,-0.108
1.3,-1.55935966242663,-0.67868179213075,-1.13983706199643
1.31,-0.646359662426632,-0.455,-0.934837061996427
1.32,1.16251974681997,-0.409,-0.358837061996427
1.33,0.635,0.368,-0.226
1.34,-1.39035966242663,-0.37568179213075,0.432
1.35,1.045,0.999,-0.415
1.36,0.247,0.203,0.60862779649732
1.37,0.032,-0.854,1.02162779649732
1.38,0.37,0.856261344098062,-1.03783706199643
1.39,0.638,-0.03,0.24
1.4,-1.12435966242663,0.347,-0.478
1.41,0.359,-1.02768179213075,-0.660837061996427
1.42,0.395,1.01126134409806,0.235
1.43,0.405,0.605,-0.154
1.44,0.336,-0.301,-0.136
1.45,0.165,0.437,-0.523
1.46,1.47551974681997,0.406,-0.026
1.47,0.138,0.114,0.121
1.48,0.406519746819974,0.066,-1.29483706199643
1.49,-0.645359662426632,0.077,-1.08583706199643
1.5,-0.088,0.381,-0.990837061996427
1.51,1.22051974681997,0.349,0.32062779649732
1.52,0.397,0.353,-1.22583706199643
1.53,-0.792359662426632,-0.59468179213075,-0.291
1.54,0.509,-0.212,0.58262779649732
1.55,0.058,0.019,-0.06
1.56,-0.565359662426632,-0.93568179213075,0.336
1.57,0.348,-0.044,0.133
1.58,0.431,0.351,-0.122
1.59,0.225,0.659261344098062,0.0806277964973201
1.6,-1.26335966242663,0.01,-1.56683706199643
1.61,-1.02935966242663,-0.35168179213075,-0.136
1.62,-0.457359662426632,1.11526134409806,0.414
1.63,1.13651974681997,0.423,0.45162779649732
1.64,-0.436,-0.49868179213075,-1.26083706199643
1.65,0.692,-0.32568179213075,-0.242
1.66,0.41,-0.51668179213075,-0.540837061996427
1.67,0.789,-0.34768179213075,0.81362779649732
1.68,-0.837359662426632,-0.118,0.63662779649732
1.69,-0.728359662426632,-1.10168179213075,-0.593837061996427
1.7,0.443,0.095,-0.943837061996427
1.71,1.58351974681997,-0.453,-0.116
1.72,0.39,0.19,-1.42283706199643
1.73,0.336,-0.59668179213075,0.39962779649732
1.74,-0.576359662426632,0.618,-0.413
1.75,0.694,-1.01268179213075,0.472
1.76,0.446,-0.81968179213075,-0.138
1.77,0.269,0.411,-1.13083706199643
1.78,0.085,-0.92468179213075,-0.086
1.79,0.167,-0.29968179213075,-0.073
1.8,0.146,0.287,-0.543837061996427
1.81,-0.385,0.046,0.58362779649732
1.82,-0.0713596624266318,0.911261344098062,0.55362779649732
1.83,0.346,0.332,0.4
1.84,-1.15235966242663,0.044,-0.304
1.85,1.77851974681997,-0.92968179213075,-0.283
1.86,-0.573359662426632,0.296261344098062,-0.408
1.87,0.236,-0.27968179213075,0.41
1.88,-0.545359662426632,0.13931820786925,-0.755837061996427
1.89,1.18051974681997,-1.26168179213075,-0.242
1.9,1.10751974681997,1.17526134409806,0.81962779649732
1.91,0.335,0.293,0.99662779649732
1.92,-0.438,-0.218,0.57362779649732
1.93,0.246,0.181,-0.957
1.94,0.205,0.208,-0.656837061996427
1.95,0.953,-0.60368179213075,-0.833
1.96,0.061,0.936261344098062,-0.752
1.97,0.503,0.76,0.68262779649732
1.98,-1.04235966242663,0.165,-1.60383706199643
1.99,0.212,0.673,-0.965
2,1.69751974681997,0.486,1.44562779649732
2.01,0.389,-1.15168179213075,-1.63083706199643
2.02,-0.405,0.946261344098062,-0.188
2.03,0.267,-0.81468179213075,0.52762779649732
2.04,-0.152,0.119,0.024
2.05,0.612519746819974,0.079,-0.071
2.06,0.449,-0.64468179213075,0.47862779649732
2.07,1.62251974681997,-0.074,1.23862779649732
2.08,0.046,0.566,0.89862779649732
2.09,0.963519746819974,-0.018,0.51462779649732
2.1,-1.32035966242663,-0.056,0.78462779649732
2.11,0.738519746819974,0.847261344098062,-1.18883706199643
2.12,1.29851974681997,0.457,0.52
2.13,1.16651974681997,-0.77768179213075,-1.15783706199643
2.14,-0.018,-0.33,-0.513
2.15,0.639,-0.334,-0.541
2.16,-0.551359662426632,0.357,-0.047
2.17,0.573,0.358,0.287
2.18,0.433,0.185,-0.241
2.19,-0.286,0.205,0.315
2.2,0.602,-0.198,0.45
2.21,0.981,0.638261344098062,-0.34
2.22,0.007,0.197,-0.306
2.23,0.684519746819974,0.273,0.157
2.24,-0.036,1.11026134409806,-0.01
2.25,0.870519746819974,0.493,-0.316837061996427
2.26,0.62,0.748,0.666
2.27,-0.188,-0.209,0.019
2.28,1.043,0.594,-0.569837061996427
2.29,1.06651974681997,0.698261344098062,0.458
2.3,0.348,0.16,0.77662779649732
2.31,0.422,0.493,-1.16483706199643
2.32,-0.102,0.557,-0.008
2.33,0.421,-0.71168179213075,0.187
2.34,-1.05535966242663,0.631,-1.12683706199643
2.35,0.652519746819974,0.196,0.52362779649732
2.36,1.35251974681997,1.13226134409806,-0.048
2.37,1.20351974681997,0.994261344098062,-0.176
2.38,-0.066,0.169,0.099
2.39,0.594,-0.48268179213075,-1.04083706199643
2.4,-0.397,1.11726134409806,-0.204
2.41,-0.111,0.068,-0.069
2.42,0.682,0.237,-1.14983706199643
2.43,0.136,0.721,-1.29183706199643
2.44,-0.169,0.017,0.45962779649732
2.45,0.056,-0.70068179213075,-0.44
2.46,-0.348359662426632,-0.087,0.234
2.47,-0.016,0.425,-0.262
2.48,-0.17,-0.36868179213075,-0.678837061996427
2.49,0.739,0.921,-0.16
2.5,1.09951974681997,1.115,-0.318
2.51,1.02651974681997,-0.0706817921307499,0.164
2.52,0.455,-0.93768179213075,-0.674837061996427
2.53,-1.00735966242663,0.786261344098062,-0.76
2.54,-0.032,0.64,-0.238
2.55,1.12351974681997,0.558,-0.915
2.56,1.07051974681997,-0.96368179213075,-0.087
2.57,0.614,-0.305,0.367
2.58,0.244,-0.59568179213075,0.193
2.59,1.24651974681997,0.985261344098062,-0.222
2.6,-0.706359662426632,-0.59268179213075,0.064
2.61,0.715519746819974,0.566,-0.891837061996427
2.62,0.0605197468199739,0.415,-1.01783706199643
2.63,-1.38035966242663,0.591261344098062,0.22
2.64,-0.495359662426632,1.03526134409806,-0.672837061996427
2.65,-0.568,1.21326134409806,0.58162779649732
2.66,-0.164,-0.085,0.069
2.67,-0.207359662426632,0.147,-1.18283706199643
2.68,0.086,0.322,-0.540837061996427
2.69,1.46651974681997,-0.96968179213075,0.102
2.7,0.287,-0.10068179213075,-1.20083706199643
2.71,0.291,-0.51168179213075,-0.28337220350268
2.72,1.36551974681997,0.005,-0.157
2.73,-0.022,-0.212,0.54362779649732
2.74,1.61351974681997,-0.78768179213075,0.76162779649732
2.75,-0.562359662426632,0.106,-0.45
2.76,0.553,0.309,-0.335
2.77,-0.754359662426632,0.995261344098062,-0.2
2.78,0.445,0.156,-0.441837061996427
2.79,0.546,0.318,-0.414
2.8,0.389,-0.86768179213075,-0.348
2.81,0.846519746819974,-0.364,0.97962779649732
2.82,0.466,0.946,-1.11883706199643
2.83,0.312519746819974,-1.02568179213075,-0.571
2.84,0.851519746819974,0.354,0.255
2.85,1.27951974681997,-0.55968179213075,-1.00883706199643
2.86,0.552,-0.0296817921307498,0.301
2.87,-0.352,0.867,-0.079
2.88,0.084,0.169,0.75562779649732
2.89,0.731,0.059,-0.809837061996427
2.9,0.859,0.792,-0.10837220350268
2.91,-0.045,0.503261344098062,-0.083
2.92,0.559,0.664261344098062,0.259
2.93,0.362,0.631,-0.757
2.94,-0.441,0.391,0.60962779649732
2.95,0.241,0.572,0.147
2.96,-0.443359662426632,-0.72368179213075,-0.016
2.97,-0.934359662426632,-0.34468179213075,-0.942837061996427
2.98,-0.269,-0.042,-0.139
2.99,0.258519746819974,1.35826134409806,0.67962779649732
3,-1.11235966242663,0.816261344098062,-0.823
3.01,1.25551974681997,0.269,0.62262779649732
3.02,0.29,0.523,1.05662779649732
3.03,-0.912359662426632,-0.73968179213075,-0.373
3.04,1.51251974681997,0.901261344098062,0.161
3.05,-0.226,-0.40068179213075,-0.867837061996427
3.06,0.872,0.469,-1.58583706199643
3.07,-0.445,-0.98668179213075,-1.09383706199643
3.08,0.682,0.761,0.48862779649732
3.09,0.661,-0.0276817921307498,-0.588837061996427
3.1,0.019,0.269,-1.24183706199643
3.11,1.37151974681997,0.770261344098062,-0.354
3.12,0.465,0.372,1.15062779649732
3.13,-0.182,-1.28768179213075,-0.088
3.14,0.501,1.25026134409806,0.184
3.15,1.33751974681997,0.567,-0.058
3.16,0.248,0.322,0.158
3.17,-1.59035966242663,0.977,-0.091
3.18,0.287,-0.59968179213075,-0.268
3.19,0.24,0.337,-0.12
3.2,0.644,0.156,0.76462779649732
3.21,0.813519746819974,-0.93368179213075,0.349
3.22,-0.592359662426632,-0.193,-0.953837061996427
3.23,-1.09235966242663,0.468,0.109
3.24,-0.403359662426632,-0.012,0.83662779649732
3.25,-0.871359662426632,-0.317,-1.49483706199643
3.26,-1.29635966242663,0.582,0.326
3.27,-0.062,1.03326134409806,-1.066
3.28,0.209,0.484,-1.52683706199643
3.29,1.46051974681997,-0.98968179213075,-0.391
3.3,-0.071,0.299,0.37562779649732
3.31,1.34351974681997,0.341,-0.259
3.32,1.01151974681997,1.06726134409806,0.63762779649732
3.33,0.664,-0.154,0.614
3.34,-0.436359662426632,0.338,0.23162779649732
3.35,0.297,0.153,-0.541
3.36,0.192,-1.22668179213075,-0.236
3.37,0.277519746819974,0.959261344098062,-0.870837061996427
3.38,0.327,0.249,-1.08083706199643
3.39,1.27551974681997,1.14026134409806,-0.677837061996427
3.4,0.531,-0.81068179213075,0.253
3.41,0.127,0.239,-1.50683706199643
3.42,-0.201,0.409,-1.03683706199643
3.43,1.06651974681997,0.558,-0.495837061996427
3.44,0.583,0.826261344098062,-0.17537220350268
3.45,-0.266,1.33626134409806,-0.304
3.46,-0.145,0.993261344098062,0.54862779649732
3.47,-0.581359662426632,-1.34768179213075,0.061
3.48,1.157,-0.45168179213075,0.366
3.49,0.232,0.294,0.19862779649732
3.5,-0.026,0.23,-0.107
3.51,1.38651974681997,-0.48868179213075,0.147
3.52,0.181,0.582,-0.531
3.53,0.167,0.253261344098062,0.429
3.54,-0.745359662426632,-0.99468179213075,-0.860837061996427
3.55,-0.751359662426632,-0.139,-1.05083706199643
3.56,-0.145,-0.67468179213075,0.023
3.57,0.233,-0.65268179213075,0.14
3.58,-0.970359662426632,0.399,0.84862779649732
3.59,1.18951974681997,0.566,0.552
3.6,0.166,-0.284,-0.541
3.61,0.477,1.05826134409806,0.169
3.62,-0.760359662426632,0.181,0.75562779649732
3.63,0.0776403375733681,-0.53368179213075,1.23062779649732
3.64,0.686519746819974,0.253,0.013
3.65,1.34851974681997,0.102,-0.891837061996427
3.66,0.432,-0.063,-0.175
3.67,0.411,1.30426134409806,-1.64283706199643
3.68,0.055,-0.105,-0.65
3.69,1.18951974681997,0.24,0.82962779649732
3.7,-0.486359662426632,-0.533,-1.05083706199643
3.71,-0.035,-0.618,-1.10583706199643
3.72,0.474,0.532,-0.262
3.73,1.00751974681997,-0.51,-0.289
3.74,-0.579359662426632,0.298,0.26162779649732
3.75,0.571519746819974,0.143,-0.12
3.76,-0.138,0.988261344098062,-0.355
3.77,0.044,0.978261344098062,0.257
3.78,1.26451974681997,-0.71768179213075,-1.02083706199643
3.79,0.455,1.111,0.62962779649732
3.8,-0.178,-1.09068179213075,0.72662779649732
3.81,-0.012,-0.75368179213075,0.57
3.82,-0.721359662426632,-0.193,0.154
3.83,1.14451974681997,-0.58568179213075,-0.303
3.84,0.677,0.458,-1.29783706199643
3.85,0.509519746819974,0.372261344098062,0.099
3.86,-0.13,0.207,-1.13283706199643
3.87,0.604,-0.63868179213075,-0.928837061996427
3.88,0.579,0.427,-0.252
3.89,1.59451974681997,-0.53868179213075,-0.853837061996427
3.9,-1.63035966242663,0.835261344098062,-0.368
3.91,1.41851974681997,0.086,-1.42583706199643
3.92,-0.633359662426632,-1.29968179213075,0.82462779649732
3.93,0.104,0.601,-0.0123722035026799
3.94,-0.367,-0.291,-1.24583706199643
3.95,0.046,0.414,0.504
3.96,0.38,0.034,-0.178
3.97,1.56451974681997,0.388,0.86462779649732
3.98,0.537,-1.25568179213075,-0.185837061996427
3.99,1.08351974681997,0.479,-1.60083706199643
4,0.122,0.447,0.06
4.01,-0.331,0.054,-0.396
4.02,0.356,0.204,-0.441
4.03,-0.097,0.632,0.68862779649732
4.04,-0.174,0.039,-0.754837061996427
4.05,-0.595,-0.19168179213075,-0.331
4.06,0.757,0.418261344098062,-0.282
4.07,-1.13835966242663,0.666,-0.621
4.08,-1.10935966242663,-0.122,-0.276
4.09,0.202,-0.91068179213075,-0.251
4.1,0.313,0.287,-0.961837061996427
4.11,0.877,-0.27668179213075,-0.552837061996427
4.12,-0.591359662426632,0.445,0.33562779649732
4.13,0.268,-0.77368179213075,0.413
4.14,0.463,-0.44768179213075,-0.913
4.15,0.306,0.282,-0.806837061996427
4.16,0.398,-0.3,0.471
4.17,0.191,0.24,-0.095
4.18,-0.335,-0.079,-1.18883706199643
4.19,-1.11235966242663,0.059,-0.800837061996427
4.2,0.377,-0.212,-0.680837061996427
4.21,-0.179,0.052,-0.44
4.22,1.25751974681997,0.351,0.423
4.23,-0.541359662426632,0.507,-0.814837061996427
4.24,0.494,-0.92168179213075,0.067
4.25,-0.122359662426632,-0.063,0.201
4.26,1.07351974681997,-0.70768179213075,-0.848837061996427
4.27,0.517519746819974,0.378,-0.298
4.28,1.01351974681997,0.146,0.084
4.29,-0.888359662426632,0.365,-0.15
4.3,-0.804359662426632,1.24526134409806,-0.646
4.31,0.293,0.673261344098062,0.16
4.32,0.273,-0.55968179213075,0.39
4.33,-0.132,-1.00468179213075,-1.30083706199643
4.34,0.112,0.842,0.77362779649732
4.35,1.14451974681997,0.378,0.43662779649732
4.36,-0.953359662426632,1.60126134409806,-1.53783706199643
4.37,-1.07335966242663,0.03,0.084
4.38,0.219,0.373,0.11462779649732
4.39,0.816,0.647261344098062,-0.247837061996427
4.4,0.572519746819974,-0.74968179213075,-0.044
4.41,0.071,0.921,-0.217
4.42,0.277,1.63626134409806,0.39562779649732
4.43,-0.605359662426632,0.416261344098062,-0.085
4.44,0.27,0.256,-0.553
4.45,0.721519746819974,1.05026134409806,0.005
4.46,-1.50035966242663,-0.278,-0.287
4.47,0.762519746819974,-0.249,-0.486
4.48,-1.14635966242663,1.01026134409806,-0.565
4.49,-0.457,-0.57368179213075,-0.952837061996427
4.5,0.674,1.21726134409806,0.257
4.51,0.21,0.845,-1.48583706199643
4.52,0.673,0.72,0.41162779649732
4.53,-0.117,-0.618,1.00062779649732
4.54,-0.3,0.456,0.82662779649732
4.55,-0.826359662426632,-0.24668179213075,-0.78
4.56,0.079,0.255,-0.906837061996427
4.57,0.631,-0.058,0.26362779649732
4.58,0.049,0.522,0.131
4.59,1.07251974681997,0.05,0.29762779649732
4.6,0.596,-0.248,-0.233
4.61,-0.068,1.37226134409806,0.0256277964973201
4.62,-0.151,0.692,-0.228
4.63,-0.356,0.496,-1.28983706199643
4.64,-0.885359662426632,0.487,-1.74983706199643
4.65,-0.126,0.295,0.227
4.66,1.25351974681997,-0.75368179213075,0.307
4.67,0.939519746819974,-0.046,-0.77
4.68,0.765519746819974,1.37226134409806,-0.309
4.69,0.838519746819974,0.266,0.221
4.7,-0.011,-0.32768179213075,-0.811837061996427
4.71,1.01,0.118,-0.467
4.72,0.411,0.136,-0.582
4.73,-0.131359662426632,-0.013,0.07
4.74,-0.711359662426632,0.521,-0.581
4.75,-0.449359662426632,1.20626134409806,-0.192
4.76,0.14,-0.119,0.57862779649732
4.77,0.526,0.751261344098062,-0.03
4.78,0.609,-0.166,-1.17683706199643
4.79,0.764,0.068,-1.81983706199643
4.8,-1.20635966242663,-0.068,-0.461
4.81,0.417,0.682,-1.52683706199643
4.82,0.648519746819974,0.206,-0.261
4.83,0.11,0.06,-0.045
4.84,0.827,0.124,0.31962779649732
4.85,0.731,-0.046,0.122
4.86,1.34351974681997,-0.38968179213075,-0.836837061996427
4.87,0.428,0.824261344098062,0.55862779649732
4.88,0.306519746819974,-0.59868179213075,0.257
4.89,1.34851974681997,0.451,-0.527
4.9,0.378,0.573,0.189
4.91,0.106,0.433,-0.041
4.92,0.805519746819974,0.308,-0.483
4.93,-0.510359662426632,0.133,-1.00683706199643
4.94,-1.09935966242663,-1.07968179213075,-0.761837061996427
4.95,-0.498359662426632,-0.94468179213075,-0.218
4.96,-0.156,0.469,-0.233
4.97,-0.133,-1.22168179213075,0.55762779649732
4.98,-0.920359662426632,-1.02168179213075,-0.448
4.99,0.749519746819974,0.615,0.048
5,-0.46,-0.71168179213075,-0.001
5.01,-1.29835966242663,-0.33568179213075,0.40862779649732
5.02,-0.776359662426632,0.352,-1.51283706199643
5.03,-0.283359662426632,0.601,0.014
5.04,-0.023,0.868261344098062,-0.588837061996427
5.05,0.894519746819974,-0.015,-0.799837061996427
5.06,-0.589,1.01726134409806,-0.801837061996427
5.07,0.614,-0.019,-1.32483706199643
5.08,-1.30935966242663,0.0473182078692501,0.16
5.09,0.299,0.425,-0.67
5.1,0.431,-0.93868179213075,0.937
5.11,0.0765197468199739,1.14426134409806,0.071
5.12,0.309,1.02726134409806,0.173
5.13,1.29851974681997,0.349,0.081
5.14,-0.666359662426632,-0.102,-0.1
5.15,-0.307359662426632,0.948261344098062,0.5
5.16,0.567,-0.92968179213075,-0.009
5.17,-0.328359662426632,-0.136,-0.359
5.18,0.241,1.13326134409806,0.165
5.19,0.43,0.923,0.1
5.2,0.468,0.587,0.61262779649732
5.21,-0.762359662426632,0.012,1.03362779649732
5.22,-0.137,-0.60668179213075,-0.35
5.23,0.928519746819974,0.589,1.17162779649732
5.24,-0.23,0.639,-0.053
5.25,0.474,0.408,-1.39183706199643
5.26,0.218,1.18426134409806,-1.51783706199643
5.27,1.51251974681997,1.52426134409806,-0.366
5.28,1.46751974681997,0.36,0.42062779649732
5.29,0.31,0.65,0.42562779649732
5.3,-1.04935966242663,-0.86668179213075,0.146
5.31,0.606,0.251,-0.535
5.32,0.909,-0.74868179213075,-0.191
5.33,-1.36635966242663,-0.41268179213075,-0.536837061996427
5.34,-0.845359662426632,0.076,-0.438
5.35,0.085,0.089,-0.15
5.36,0.13,0.374,0.119
5.37,-0.198,1.18626134409806,0.47462779649732
5.38,0.509,0.899261344098062,0.31162779649732
5.39,-0.935359662426632,0.998261344098062,0.077
5.4,-0.065,0.455,0.23962779649732
5.41,-1.12535966242663,-0.079,-0.515
5.42,0.66,0.183,0.175
5.43,-1.53635966242663,0.431,-0.497
5.44,-0.024,0.422,-0.696837061996427
5.45,-0.801359662426632,0.889261344098062,0.46262779649732
5.46,0.571519746819974,0.67,0.556
5.47,0.159,1.42126134409806,-1.13783706199643
5.48,0.091,-0.102,-1.15283706199643
5.49,0.499,0.327,-0.999837061996427
5.5,0.235,0.832,0.58262779649732
5.51,1.73751974681997,0.458,1.05062779649732
5.52,0.162,-0.82968179213075,-0.473
5.53,0.039,0.990261344098062,-0.654
5.54,-0.729359662426632,-0.0716817921307499,-1.55183706199643
5.55,0.923519746819974,0.149,-1.23983706199643
5.56,-0.711359662426632,0.0142613440980623,-0.185
5.57,0.234,-1.59068179213075,0.0946277964973201
5.58,0.466519746819974,-1.37168179213075,0.067
5.59,0.214,-0.97468179213075,1.12162779649732
5.6,-1.34335966242663,0.743261344098062,0.653
5.61,0.957519746819974,0.327,0.931
5.62,-0.690359662426632,-0.346,1.245
5.63,2.04351974681997,0.285,1.59862779649732
5.64,1.23851974681997,-0.67368179213075,1.279
5.65,-0.905359662426632,1.08726134409806,-0.137837061996427
5.66,0.226,-0.71668179213075,1.68562779649732
5.67,-0.642359662426632,1.07726134409806,1.22762779649732
5.68,0.356,-0.92868179213075,1.337
5.69,-0.069,0.976261344098062,1.582
5.7,0.482,-0.39368179213075,1.92862779649732
5.71,0.352,0.981261344098062,0.843162938003573
5.72,0.262,0.239,0.843
5.73,0.434,0.045,1.812
5.74,0.312,-0.064,1.29362779649732
5.75,1.197,-0.334,1.173
5.76,0.467,0.15,1.37316293800357
5.77,0.284,0.381,1.447
5.78,-0.217,0.621,1.39016293800357
5.79,0.041,0.789,1.616
5.8,0.693,0.91,2.51362779649732
5.81,1.08051974681997,1.22126134409806,2.673
5.82,0.231,-0.043,2.247
5.83,0.375,-1.41068179213075,2.604
5.84,-0.021,0.211,2.123
5.85,1.15751974681997,0.611,2.708
5.86,0.093,0.691261344098062,2.112
5.87,0.308,0.683261344098062,2.44
5.88,0.355519746819974,0.347,1.99516293800357
5.89,0.509,0.596,2.21
5.9,0.495,-0.026,1.87016293800357
5.91,-0.485359662426632,0.609261344098062,3.70662779649732
5.92,0.339,-1.12268179213075,3.502
5.93,-0.081,-0.313,2.667
5.94,-0.317359662426632,0.761,3.95962779649732
5.95,-0.341,-1.05568179213075,3.683
5.96,1.25251974681997,0.209,2.37916293800357
5.97,0.371,1.08126134409806,2.29716293800357
5.98,0.609,0.213,2.25016293800357
5.99,0.4,1.17426134409806,2.41916293800357
6,0.725,-0.273,3.366
6.01,1.30351974681997,0.923,2.93516293800357
6.02,-1.36935966242663,-0.137,4.10562779649732
6.03,0.08,0.668,3.915
6.04,0.339,0.337,3.522
6.05,-0.354,-1.04668179213075,3.524
6.06,-0.434359662426632,-0.49068179213075,4.309
6.07,-0.035,-0.381,4.046
6.08,0.13,0.091,4.025
6.09,0.982519746819974,-0.015,4.763
6.1,-0.13,0.203,3.61916293800357
6.11,0.623,0.809261344098062,4.007
6.12,1.00051974681997,0.184,3.54416293800357
6.13,-0.985359662426632,0.456,5.487
6.14,0.604,0.305,4.82
6.15,-0.934359662426632,0.063,5.57162779649732
6.16,0.227,-0.328,4.15
6.17,-1.75635966242663,0.12,4.803
6.18,1.12051974681997,-0.391,5.392
6.19,1.181,-0.69068179213075,3.88816293800357
6.2,0.495519746819974,0.176,4.693
6.21,0.363,0.948,5.48662779649732
6.22,0.253,0.045,4.445
6.23,-0.455,0.106,5.94062779649732
6.24,-0.71,0.728,3.55316293800357
6.25,1.13051974681997,1.16626134409806,5.028
6.26,-0.720359662426632,0.021,5.464
6.27,-0.564,0.062,6.17962779649732
6.28,0.679519746819974,-0.09,5.334
6.29,0.805519746819974,-0.29,6.57162779649732
6.3,0.02,0.326,5.879
6.31,0.249,0.846261344098062,5.527
6.32,-1.04035966242663,0.595,6.19462779649732
6.33,0.547,-1.05768179213075,6.95962779649732
6.34,1.18651974681997,-0.82768179213075,5.739
6.35,0.542,-0.63268179213075,6.26062779649732
6.36,-0.051,0.391,6.65362779649732
6.37,1.66751974681997,0.635,5.06916293800357
6.38,-0.754359662426632,-0.75868179213075,5.736
6.39,-0.982359662426632,-0.83468179213075,6.066
6.4,0.287,1.20526134409806,7.37562779649732
6.41,1.33651974681997,1.38026134409806,5.81516293800357
6.42,0.833519746819974,0.387,4.72816293800357
6.43,1.43851974681997,-0.67168179213075,6.092
6.44,-0.383359662426632,0.762,6.678
6.45,0.231,0.097,7.178
6.46,0.185,1.00526134409806,5.30716293800357
6.47,-0.558,-0.29,6.998
6.48,-0.387,-0.012,6.276
6.49,1.20751974681997,0.459,6.619
6.5,-0.798359662426632,-0.98968179213075,7.183
6.51,0.493,-0.81968179213075,7.69962779649732
6.52,0.850519746819974,-0.96368179213075,5.19416293800357
6.53,0.077,0.93,6.912
6.54,-0.917359662426632,1.62326134409806,7.72762779649732
6.55,0.977519746819974,1.18226134409806,8.00362779649732
6.56,0.001,0.547,6.455
6.57,-0.261,-0.144,8.04662779649732
6.58,0.34,0.359,7.204
6.59,0.301,0.062,6.44216293800357
6.6,1.44351974681997,-0.92168179213075,7.382
6.61,0.619,-0.52268179213075,6.53816293800357
6.62,0.214,0.172,8.10662779649732
6.63,0.696519746819974,0.131,6.36416293800357
6.64,-1.32735966242663,-0.49768179213075,8.295
6.65,1.02351974681997,0.028,7.496
6.66,0.34,0.265,6.46716293800357
6.67,1.33751974681997,-0.063,6.91916293800357
6.68,0.441,-0.54468179213075,7.29316293800357
6.69,0.511,0.26,6.70516293800357
6.7,0.921,0.387,7.201
6.71,0.36,0.108,8.021
6.72,-0.596359662426632,-0.98568179213075,8.114
6.73,-1.21935966242663,-0.42468179213075,8.156
6.74,1.01651974681997,-0.584,8.99862779649732
6.75,0.172,-0.145,7.36616293800357
6.76,1.43051974681997,-0.337,8.53
6.77,0.982519746819974,0.688261344098062,8.97562779649732
6.78,0.872519746819974,-0.91468179213075,9.09762779649732
6.79,-0.801359662426632,0.605,8.549
6.8,1.08351974681997,-1.21468179213075,8.475
6.81,-0.293,0.521,8.704
6.82,0.293,-0.0606817921307499,7.92616293800357
6.83,0.438640337573368,0.869,9.251
6.84,0.726,1.261,9.061
6.85,0.331640337573368,1.251,7.90216293800357
6.86,0.737,1.15126134409806,8.987
6.87,0.901,1.162,8.948
6.88,0.582,1.99626134409806,8.557
6.89,1.07,0.905,8.15616293800357
6.9,2.34551974681997,1.911,7.69116293800357
6.91,2.32851974681997,0.876,8.43516293800357
6.92,1.32464033757337,3.05626134409806,8.14216293800357
6.93,0.874640337573368,2.68626134409806,9.63862779649732
6.94,2.482,2.359,8.59116293800357
6.95,2.92051974681997,2.77526134409806,9.234
6.96,2.436,1.29131820786925,8.946
6.97,3.41751974681997,2.699,9.24016293800357
6.98,1.22464033757337,2.642,8.89716293800357
6.99,2.536,2.73,9.728
7,3.802,2.837,9.444
7.01,2.799,4.19926134409806,8.65116293800357
7.02,3.88,2.931,9.09
7.03,3.92951974681997,2.26731820786925,9.712
7.04,3.353,3.524,8.91116293800357
7.05,4.005,3.046,9.683
7.06,3.93,2.63531820786925,9.96
7.07,4.91751974681997,2.60531820786925,9.905
7.08,4.577,3.817,9.01016293800357
7.09,4.777,3.704,9.06816293800357
7.1,3.34564033757337,4.59426134409806,10.9466277964973
7.11,4.31,4.638,9.947
7.12,4.859,5.03026134409806,10.09
7.13,4.934,4.727,11.1836277964973
7.14,3.76664033757337,2.87031820786925,10.476
7.15,5.191,4.221,11.105
7.16,5.105,3.81831820786925,9.44316293800357
7.17,5.443,4.57,10.309
7.18,5.212,4.23631820786925,10.924
7.19,4.73264033757337,3.85031820786925,10.641
7.2,4.48964033757337,3.58031820786925,10.841
7.21,5.559,4.698,10.756
7.22,5.648,5.223,10.597
7.23,6.053,5.352,11.175
7.24,5.42364033757337,5.638,11.224
7.25,6.658,5.86526134409806,9.82516293800357
7.26,6.14964033757337,5.616,11.111
7.27,5.61364033757337,6.57226134409806,11.2536277964973
7.28,5.87064033757337,5.517,11.496
7.29,6.13664033757337,5.98926134409806,11.3716277964973
7.3,5.79464033757337,5.499,11.3491629380036
7.31,6.506,5.705,10.6201629380036
7.32,6.826,6.421,10.1551629380036
7.33,7.672,5.403,11.637
7.34,6.85564033757337,6.314,10.429
7.35,6.56164033757337,5.81731820786925,11.65
7.36,7.275,5.26931820786925,10.5241629380036
7.37,7.36264033757337,5.56931820786925,11.879
7.38,8.328,6.284,11.304
7.39,8.09351974681997,7.171,10.6571629380036
7.4,9.10151974681997,7.41026134409806,11.5706277964973
7.41,8.15,5.87131820786925,10.5341629380036
7.42,8.302,7.187,10.6311629380036
7.43,8.042,6.221,11.353
7.44,8.984,7.59626134409806,11.798
7.45,8.1,6.79031820786925,12.3436277964973
7.46,9.43751974681997,7.6,11.738
7.47,8.657,6.80531820786925,11.476
7.48,8.49664033757337,6.85131820786925,12.4716277964973
7.49,8.04864033757337,7.938,12.6016277964973
7.5,8.51064033757337,6.923,11.621
7.51,8.802,7.966,11.3701629380036
7.52,10.46751974682,7.719,12.274
7.53,9.656,8.13031820786925,12.7396277964973
7.54,8.90964033757337,7.634,10.8241629380036
7.55,8.67564033757337,8.39226134409806,10.8041629380036
7.56,10.44,8.113,11.653
7.57,10.07,8.967,12.202
7.58,10.98151974682,7.61631820786925,11.2741629380036
7.59,10.636,8.006,11.945
7.6,10.136,8.435,11.9261629380036
7.61,10.156,8.732,11.3301629380036
7.62,10.17,8.919,12.318
7.63,10.738,8.816,13.1736277964973
7.64,10.374,9.96126134409806,11.5831629380036
7.65,11.42451974682,8.19531820786925,11.3731629380036
7.66,10.129,8.16431820786925,12.854
7.67,10.653,9.332,12.872
7.68,11.554,9.855,11.8271629380036
7.69,11.174,10.3842613440981,12.922
7.7,11.007,9.01,11.8851629380036
7.71,10.3846403375734,8.824,12.6521629380036
7.72,10.7416403375734,8.73231820786925,13.208
7.73,11.674,9.76,13.136
7.74,11.629,10.289,12.149
7.75,13.01151974682,10.303,13.225
7.76,12.38851974682,10.15,12.805
7.77,10.9376403375734,10.049,13.317
7.78,11.629,9.359,13.236
7.79,11.7966403375734,9.724,13.248
7.8,12.119,9.799,12.835
7.81,12.457,9.86231820786925,12.1791629380036
7.82,13.80951974682,10.397,14.2556277964973
7.83,12.49,9.949,13.209
7.84,12.232,10.174,12.828
7.85,13.82951974682,10.644,13.053
7.86,11.6926403375734,10.563,13.326
7.87,13.41951974682,10.0053182078692,13.3066277964973
7.88,11.7086403375734,10.1363182078692,14.0376277964973
7.89,11.9986403375734,10.699,13.367
7.9,12.2976403375734,11.115,14.2586277964973
7.91,12.1876403375734,10.839,12.9981629380036
7.92,11.9876403375734,10.883,12.8101629380036
7.93,13.90551974682,10.571,13.992
7.94,12.769,11.12,13.201
7.95,13.442,11.674,13.193
7.96,13.507,11.518,13.164
7.97,13.507,11.544,14.009
7.98,13.173,11.9152613440981,13.646
7.99,14.081,11.572,12.9031629380036
8,14.012,12.5022613440981,13.944
8.01,14.32651974682,10.4093182078692,13.799
8.02,13.931,11.463,14.6706277964973
8.03,13.568,10.6323182078693,14.9806277964973
8.04,14.159,12.197,13.2781629380036
8.05,14.427,11.581,14.554
8.06,13.976,10.9123182078692,13.69
8.07,13.838,11.413,13.729
8.08,13.1446403375734,12.8892613440981,13.2001629380036
8.09,14.386,12.5032613440981,14.404
8.1,14.777,12.035,14.412
8.11,14.2,12.16,14.226
8.12,13.2536403375734,11.2763182078693,14.369
8.13,12.9836403375734,12.7542613440981,14.6006277964973
8.14,14.584,11.1283182078693,14.5366277964973
8.15,14.526,12.621,14.216
8.16,14.7036403375734,11.7303182078692,14.653
8.17,15.86651974682,12.746,14.639
8.18,15.56651974682,11.8283182078693,13.0271629380036
8.19,14.3546403375734,13.4,15.087
8.2,14.88,12.427,13.8841629380036
8.21,14.999,12.4923182078692,14.402
8.22,15.97051974682,13.8012613440981,14.618
8.23,15.615,11.9843182078693,14.762
8.24,16.25751974682,13.343,14.864
8.25,14.6986403375734,11.9563182078693,15.7376277964973
8.26,15.404,12.9913182078693,14.466
8.27,14.2136403375734,13.355,13.4091629380036
8.28,15.73,12.8283182078693,15.842
8.29,15.791,13.67,14.751
8.3,16.65751974682,13.382,15.213
8.31,16.017,12.4493182078693,14.96
8.32,15.3206403375734,14.7422613440981,15.4686277964973
8.33,16.568,14.2792613440981,13.6781629380036
8.34,16.056,13.1643182078693,14.2411629380036
8.35,15.5036403375734,13.273,15.036
8.36,15.79,13.2643182078693,15.689
8.37,16.015,13.902,14.965
8.38,16.716,14.31,15.558
8.39,15.0866403375734,14.099,15.416
8.4,16.254,13.907,15.119
8.41,16.24,13.791,16.022
8.42,17.32351974682,13.7763182078693,16.5346277964973
8.43,15.4776403375734,14.8022613440981,14.2021629380036
8.44,17.79551974682,14.2022613440981,14.6311629380036
8.45,16.109,14.12,16.4726277964973
8.46,16.648,13.822,15.573
8.47,16.843,14.325,14.9711629380036
8.48,17.59451974682,15.161,16.1116277964973
8.49,16.363,14.152,14.5001629380036
8.5,17.294,16.0592613440981,15.078
8.51,17.57751974682,13.4853182078693,15.343
8.52,16.1376403375734,13.2743182078692,16.0676277964973
8.53,17.483,13.5073182078693,15.8086277964973
8.54,16.891,13.894,15.434
8.55,15.8896403375734,14.3773182078692,14.8961629380036
8.56,16.723,15.6012613440981,15.628
8.57,16.6396403375734,14.872,15.792
8.58,16.4836403375734,14.63,15.0391629380036
8.59,16.6176403375734,15.548,16.4046277964973
8.6,16.5756403375734,13.8763182078693,16.266
8.61,18.32251974682,15.8302613440981,16.5836277964973
8.62,17.74,14.3503182078693,16.116
8.63,18.116,15.156,15.816
8.64,18.241,13.7513182078693,14.2911629380036
8.65,17.493,16.0622613440981,15.0911629380036
8.66,18.12151974682,15.8112613440981,15.456
8.67,18.47351974682,15.521,16.05
8.68,17.1096403375734,15.411,16.078
8.69,18.803,15.936,15.175
8.7,18.382,14.2393182078692,16.228
8.71,17.4796403375734,14.2343182078693,16.508
8.72,17.888,14.1453182078693,15.4351629380036
8.73,17.879,15.666,17.1786277964973
8.74,16.8006403375734,16.5892613440981,15.715
8.75,17.1576403375734,16.188,16.681
8.76,19.05951974682,16.064,16.288
8.77,18.59651974682,14.4833182078692,17.0176277964973
8.78,17.1526403375734,16.232,16.743
8.79,18.261,17.1652613440981,16.661
8.8,18.475,16.4692613440981,15.695
8.81,18.064,15.682,16.532
8.82,19.40351974682,15.923,16.039
8.83,18.648,16.118,17.1606277964973
8.84,18.3966403375734,15.0403182078692,16.362
8.85,18.833,16.198,16.595
8.86,19.29451974682,16.616,17.126
8.87,18.0886403375734,15.4293182078693,17.15
8.88,18.781,16.958,17.222
8.89,19.377,15.872,16.752
8.9,17.7626403375734,16.865,16.63
8.91,17.882,16.854,17.5236277964973
8.92,19.403,16.9262613440981,17.02
8.93,19.339,16.5023182078693,18.3276277964973
8.94,18.2846403375734,16.5712613440981,16.1781629380036
8.95,18.935,16.167,16.373
8.96,19.509,18.0452613440981,16.948
8.97,19.21,17.5582613440981,16.99
8.98,18.397,16.0603182078693,17.159
8.99,20.14251974682,16.768,17.115
9,18.884,16.0183182078692,17.5746277964973
9.01,19.071,16.427,18.0326277964973
9.02,17.3606403375734,16.417,16.1601629380036
9.03,19.641,17.9242613440981,16.825
9.04,18.3406403375734,17.4232613440981,16.7601629380036
9.05,19.457,16.0563182078692,17.499
9.06,18.688,17.047,17.7256277964973
9.07,19.801,18.2032613440981,16.1831629380036
9.08,19.491,17.7,17.049
9.09,20.299,17.8662613440981,16.3781629380036
9.1,18.0686403375734,16.895,17.8596277964973
9.11,18.5086403375734,16.766,17.128
9.12,19.436,15.8523182078692,16.933
9.13,18.0676403375734,18.0612613440981,17.149
9.14,19.411,17.384,17.952
9.15,18.6776403375734,16.5593182078693,16.1371629380036
9.16,18.4566403375734,17.1663182078692,16.993
9.17,20.063,16.8853182078693,18.0696277964973
9.18,20.252,17.448,18.059
9.19,19.788,17.945,17.806
9.2,19.5026403375734,16.7193182078693,16.758
9.21,19.445,17.2533182078692,16.5181629380036
9.22,21.03251974682,16.7293182078693,16.729
9.23,19.892,17.273,18.132
9.24,19.4,18.7232613440981,17.8
9.25,20.212,17.866,17.995
9.26,20.092,18.243,17.316
9.27,20.032,18.319,16.6331629380036
9.28,20.068,16.5153182078692,17.605
9.29,19.87,17.1563182078693,17.348
9.3,20.3,17.6243182078693,17.159
9.31,20.45,17.879,17.916
9.32,20.90251974682,18.6842613440981,17.238
9.33,19.9216403375734,18.45,17.697
9.34,19.3086403375734,17.3533182078693,17.267
9.35,20.336,18.178,17.494
9.36,21.57551974682,18.329,18.201
9.37,19.761,19.1292613440981,18.082
9.38,19.9666403375734,18.021,18.552
9.39,19.5616403375734,19.4252613440981,16.5071629380036
9.4,21.07,18.432,17.741
9.41,20.778,18.7962613440981,17.3111629380036
9.42,20.421,18.3693182078692,17.942
9.43,19.3826403375734,17.5593182078693,17.795
9.44,20.633,19.2942613440981,18.53
9.45,21.032,18.554,16.7431629380036
9.46,18.9666403375734,18.814,18.65
9.47,21.01951974682,18.756,18.268
9.48,20.365,18.148,18.5526277964973
9.49,19.5066403375734,18.596,19.2116277964973
9.5,20.645,17.3503182078693,18.038
9.51,20.736,19.347,18.5556277964973
9.52,20.628,17.6843182078693,17.789
9.53,19.3466403375734,19.2932613440981,19.0316277964973
9.54,22.094,18.278,18.583
9.55,21.29,17.8933182078692,17.5421629380036
9.56,20.828,19.158,18.189
9.57,21.639,18.1313182078692,18.44
9.58,19.7876403375734,20.2442613440981,19.2686277964973
9.59,21.69451974682,19.8792613440981,18.411
9.6,19.8276403375734,19.5172613440981,18.229
9.61,19.9426403375734,19.6032613440981,16.7311629380036
9.62,20.58,18.587,18.396
9.63,20.96,19.022,18.714
9.64,21.67051974682,17.7843182078693,18.642
9.65,20.2896403375734,19.507,17.8291629380036
9.66,20.297,19.033,18.83
9.67,21.463,20.0472613440981,17.8431629380036
9.68,20.5086403375734,19.279,19.6436277964973
9.69,22.067,18.952,18.42
9.7,22.35751974682,18.5283182078693,19.1476277964973
9.71,22.29751974682,20.0332613440981,17.0191629380036
9.72,21.829,19.6882613440981,17.1901629380036
9.73,21.402,18.0243182078692,17.6411629380036
9.74,20.8256403375734,20.0872613440981,18.72
9.75,20.0356403375734,20.1262613440981,17.9961629380036
9.76,21.654,19.223,18.2911629380036
9.77,21.492,18.0333182078693,18.534
9.78,20.3366403375734,19.8572613440981,18.094
9.79,21.4,19.409,18.0471629380036
9.8,21.753,19.704,18.79
9.81,21.309,19.811,18.603
9.82,21.936,18.8163182078693,18.331
9.83,21.293,18.5753182078693,19.6146277964973
9.84,20.8076403375734,20.271,18.703
9.85,21.845,20.9002613440981,18.547
9.86,21.0486403375734,19.086,18.901
9.87,22.58651974682,18.4763182078693,18.76
9.88,21.883,19.752,18.78
9.89,22.67251974682,19.723,18.704
9.9,21.0556403375734,19.579,18.474
9.91,19.9976403375734,19.874,18.78
9.92,20.9316403375734,19.2893182078693,19.1686277964973
9.93,21.2206403375734,19.2203182078693,18.9556277964973
9.94,20.9086403375734,18.7333182078692,19.9346277964973
9.95,21.876,19.732,19.282
9.96,21.0546403375734,20.071,18.82
9.97,22.042,18.7543182078693,18.614
9.98,20.5146403375734,18.6753182078692,18.915
9.99,21.0956403375734,19.825,19.7796277964973
10,22.469,20.062,19.247
10.01,22.208,19.3613182078692,19.621
10.02,22.427,20.4782613440981,19.067
10.03,21.3066403375734,19.984,18.99
10.04,22.54451974682,21.2492613440981,17.7291629380036
10.05,22.84051974682,21.148,18.3691629380036
10.06,22.093,19.2533182078692,19.1371629380036
10.07,21.941,20.7982613440981,19.537
10.08,22.284,19.821,19.505
10.09,22.627,20.6612613440981,18.0671629380036
10.1,21.1196403375734,21.1022613440981,18.876
10.11,21.415,21.1582613440981,20.2606277964973
10.12,21.4356403375734,21.2612613440981,19.499
10.13,21.1646403375734,20.601,19.5996277964973
10.14,22.058,19.6943182078693,19.484
10.15,23.64751974682,20.258,19.396
10.16,21.38,20.044,19.9186277964973
10.17,22.548,19.964,20.1926277964973
10.18,22.503,21.4342613440981,18.4951629380036
10.19,21.3196403375734,20.0563182078692,18.5601629380036
10.2,22.205,20.1873182078693,19.202
10.21,21.2416403375734,20.74,19.254
10.22,21.3006403375734,20.324,18.5481629380036
10.23,23.11251974682,20.599,19.902
10.24,21.1436403375734,20.838,19.966
10.25,20.8646403375734,21.029,19.562
10.26,23.25151974682,20.635,18.2221629380036
10.27,21.0756403375734,20.53,19.39
10.28,21.2186403375734,21.5412613440981,19.791
10.29,21.2156403375734,19.7683182078692,19.0451629380036
10.3,22.991,21.2122613440981,19.323
10.31,21.3566403375734,20.708,18.2901629380036
10.32,22.0106403375734,20.2283182078693,20.3136277964973
10.33,22.796,20.786,19.825
10.34,21.9566403375734,20.738,19.904
10.35,21.3096403375734,20.431,18.861
10.36,23.51151974682,20.816,19.906
10.37,23.69151974682,20.76,19.836
10.38,22.291,19.9933182078693,19.725
10.39,23.008,20.97,19.437
10.4,22.619,21.7902613440981,19.59
10.41,21.4946403375734,19.6813182078692,20.248
10.42,22.343,20.0303182078693,19.86
10.43,22.423,20.1283182078692,19.896
10.44,22.96,20.2803182078693,18.4911629380036
10.45,22.513,21.9142613440981,19.992
10.46,22.995,21.6692613440981,19.89
10.47,23.022,21.146,20.4356277964973
10.48,22.548,20.1803182078692,20.251
10.49,23.27651974682,22.3902613440981,20.4926277964973
10.5,22.544,20.1993182078693,19.1151629380036
10.51,24.20651974682,20.987,19.1161629380036
10.52,23.77151974682,21.469,20.9206277964973
10.53,22.997,21.279,19.681
10.54,22.0436403375734,21.6622613440981,20.136
10.55,22.583,21.9852613440981,20.089
10.56,22.389,21.626,20.002
10.57,21.4746403375734,21.474,20.021
10.58,22.66251974682,21.4702613440981,21.0956277964973
10.59,22.845,21.4812613440981,20.064
10.6,22.741,20.9063182078693,20.132
10.61,22.88,21.169,21.6676277964973
10.62,24.22551974682,21.559,19.878
10.63,23.67351974682,21.382,20.202
10.64,23.63151974682,21.692,20.163
10.65,23.284,21.26,20.3406277964973
10.66,22.312,22.2122613440981,19.6671629380036
10.67,22.2326403375734,22.2952613440981,19.698
10.68,22.3726403375734,21.339,19.958
10.69,22.0156403375734,21.459,19.731
10.7,22.624,22.2182613440981,20.099
10.71,23.604,20.2563182078692,18.9171629380036
10.72,22.6346403375734,20.2253182078693,19.588
10.73,23.846,22.6692613440981,20.522
10.74,23.079,22.185,21.5146277964973
10.75,22.993,21.178,20.6926277964973
10.76,23.184,20.4353182078693,20.683
10.77,23.226,21.469,18.9101629380036
10.78,24.79251974682,22.4782613440981,20.545
10.79,23.682,20.6853182078693,19.1921629380036
10.8,22.2826403375734,21.402,19.538
10.81,23.291,20.9413182078693,20.211
10.82,23.324,21.748,19.1781629380036
10.83,23.565,21.351,19.922
10.84,23.471,20.3443182078693,19.945
10.85,23.668,21.659,20.341
10.86,22.2686403375734,20.947,19.6671629380036
10.87,22.696,21.2043182078692,20.353
10.88,22.748,21.9472613440981,19.4371629380036
10.89,22.965,20.9653182078692,19.4301629380036
10.9,23.465,21.778,20.25
10.91,23.74,20.9883182078692,20.522
10.92,23.13,21.0673182078692,20.222
10.93,22.7496403375734,21.867,20.6306277964973
10.94,23.79651974682,21.511,20.171
10.95,22.3206403375734,22.6612613440981,19.839
10.96,22.7286403375734,21.875,20.337
10.97,22.6036403375734,22.4832613440981,19.7281629380036
10.98,23.262,21.1633182078692,20.502
10.99,24.64451974682,22.6512613440981,20.668
11,23.535,21.943,19.8461629380036
11.01,23.74251974682,21.0603182078693,20.338
11.02,22.8096403375734,22.376,20.573
11.03,23.415,20.8603182078692,20.806
11.04,23.147,21.3403182078692,21.4686277964973
11.05,22.0286403375734,23.3452613440981,20.47
11.06,22.8716403375734,22.232,20.943
11.07,23.71451974682,22.8612613440981,21.6886277964973
11.08,23.94351974682,21.1943182078693,20.2481629380036
11.09,23.847,22.419,21.138
11.1,23.331,20.7183182078692,19.9301629380036
11.11,22.0636403375734,21.684,20.0221629380036
11.12,22.5656403375734,20.9923182078692,19.8891629380036
11.13,22.8776403375734,21.5273182078692,20.654
11.14,22.5026403375734,22.472,21.2816277964973
11.15,23.2746403375734,22.7192613440981,20.944
11.16,24.79551974682,22.056,21.346
11.17,23.80951974682,21.4313182078692,20.245
11.18,23.294,21.858,20.4941629380036
11.19,23.406,21.5173182078692,20.235
11.2,23.448,22.369,20.579
11.21,22.7796403375734,22.199,20.934
11.22,23.0046403375734,21.2543182078693,21.7776277964973
11.23,24.37551974682,22.35,19.4751629380036
11.24,22.2996403375734,22.689,20.3641629380036
11.25,24.35851974682,22.432,21.13
11.26,23.2816403375734,21.2973182078692,21.6906277964973
11.27,23.758,22.07,20.803
11.28,23.773,22.344,21.266
11.29,23.587,22.452,20.0651629380036
11.3,23.207,22.704,19.8711629380036
11.31,23.645,22.538,21.294
11.32,23.905,22.609,21.347
11.33,22.2296403375734,22.309,21.684
11.34,24.48551974682,22.593,20.1341629380036
11.35,24.359,22.059,22.1576277964973
11.36,23.537,21.1533182078693,21.309
11.37,24.239,24.0022613440981,21.3996277964973
11.38,23.497,22.654,21.214
11.39,23.698,22.6092613440981,21.029
11.4,24.64751974682,21.3793182078693,21.314
11.41,24.153,23.4072613440981,21.051
11.42,23.254,21.7943182078692,20.5681629380036
11.43,22.4646403375734,22.665,22.3936277964973
11.44,25.13651974682,22.245,20.866
11.45,22.3396403375734,22.6282613440981,21.275
11.46,22.6086403375734,21.4623182078692,21.123
11.47,23.568,22.976,21.016
11.48,24.02,22.727,21.6696277964973
11.49,24.02151974682,21.6913182078693,21.9736277964973
11.5,24.021,21.4123182078693,20.5091629380036
11.51,24.655,21.932,21.366
11.52,23.909,23.6602613440981,19.6541629380036
11.53,23.684,22.264,19.9131629380036
11.54,24.115,21.7453182078692,21.766
11.55,24.76351974682,21.5743182078693,21.319
11.56,24.189,22.2603182078693,21.041
11.57,23.843,23.356,20.393
11.58,23.83,23.096,20.1911629380036
11.59,24.84751974682,23.2602613440981,20.0591629380036
11.6,24.147,22.842,21.003
11.61,24.164,23.482,19.9901629380036
11.62,24.90151974682,22.635,21.0861629380036
11.63,24.84951974682,23.6122613440981,21.4636277964973
11.64,24.682,22.711,21.7636277964973
11.65,22.7326403375734,21.7843182078693,21.493
11.66,23.271,21.9793182078693,22.178
11.67,22.6046403375734,21.4453182078692,20.2941629380036
11.68,24.02651974682,23.2472613440981,20.858
11.69,24.809,21.3263182078692,21.7576277964973
11.7,24.157,23.028,21.249
11.71,24.282,22.959,21.507
11.72,23.93,23.296,21.714
11.73,24.531,22.869,20.5371629380036
11.74,23.0556403375734,21.3743182078693,19.9271629380036
11.75,24.469,22.614,21.472
11.76,23.0986403375734,23.283,20.7831629380036
11.77,23.99,22.843,20.0351629380036
11.78,23.55,23.6242613440981,21.825
11.79,24.117,23.407,20.0031629380036
11.8,23.747,21.7273182078692,20.6441629380036
11.81,22.9826403375734,22.8912613440981,20.896
11.82,23.0706403375734,22.1143182078692,21.301
11.83,23.3516403375734,23.7542613440981,22.1406277964973
11.84,23.868,23.8012613440981,20.6081629380036
11.85,23.949,22.941,21.553
11.86,24.558,22.993,21.488
11.87,23.1336403375734,23.431,21.605
11.88,23.567,23.527,21.421
11.89,22.5206403375734,23.035,20.0441629380036
11.9,24.72051974682,22.1053182078692,21.485
11.91,22.7326403375734,22.973,21.203
11.92,24.11451974682,23.443,21.567
11.93,24.111,22.5783182078693,21.545
11.94,23.807,23.9492613440981,22.6096277964973
11.95,24.076,23.196,21.897
11.96,24.008,23.8482613440981,21.902
11.97,23.957,23.135,21.95
11.98,24.237,21.5863182078693,22.03
11.99,24.77,22.595,21.516
12,24.151,23.8062613440981,20.9841629380036
12.01,24.71,22.403,20.6561629380036
12.02,24.347,23.9442613440981,20.964
12.03,24.432,22.872,20.973
12.04,24.307,23.004,20.7101629380036
12.05,23.4326403375734,22.3943182078693,21.513
12.06,24.792,22.842,21.9606277964973
12.07,23.66,22.947,22.0836277964973
12.08,23.815,23.029,21.678
12.09,23.2206403375734,21.9763182078693,22.7646277964973
12.1,23.4146403375734,23.7162613440981,22.434
12.11,24.618,23.282,21.435
12.12,23.3886403375734,22.1263182078693,21.297
12.13,24.80451974682,24.0022613440981,21.44
12.14,23.5266403375734,22.3403182078692,22.3866277964973
12.15,25.17151974682,23.558,21.0581629380036
12.16,23.5256403375734,23.746,21.695
12.17,24.649,23.099,21.7336277964973
12.18,24.39,22.5,21.972
12.19,24.2,23.6592613440981,20.5451629380036
12.2,23.0426403375734,23.7822613440981,22.1636277964973
12.21,25.49851974682,23.9862613440981,21.682
12.22,24.378,24.0412613440981,21.0571629380036
12.23,24.188,22.0143182078693,21.1041629380036
12.24,24.553,23.383,21.759
12.25,24.012,22.3633182078692,23.0986277964973
12.26,23.796,24.3672613440981,21.0731629380036
12.27,24.065,23.614,22.3846277964973
12.28,23.0276403375734,23.7702613440981,22.345
12.29,24.34,22.8413182078693,22.133
12.3,24.103,22.984,22.9636277964973
12.31,24.33151974682,24.1502613440981,21.1971629380036
12.32,24.92751974682,23.418,21.51
12.33,24.92451974682,23.384,20.9301629380036
12.34,24.468,23.3672613440981,21.1631629380036
12.35,24.826,23.33,22.323
12.36,24.285,22.4653182078692,21.3271629380036
12.37,24.072,23.405,21.906
12.38,24.857,23.977,20.7451629380036
12.39,25.25351974682,23.588,22.428
12.4,24.068,23.9922613440981,20.7191629380036
12.41,23.5446403375734,22.5743182078693,22.083
12.42,24.523,23.458,21.971
12.43,24.505,23.266,21.779
12.44,23.6226403375734,23.5152613440981,22.505
12.45,25.34551974682,23.309,21.969
12.46,23.8586403375734,23.199,22.322
12.47,24.396,23.828,22.39
12.48,24.731,23.462,21.605
12.49,24.146,22.4023182078692,22.314
12.5,25.69551974682,23.579,20.7171629380036
12.51,24.596,23.0473182078692,21.671
12.52,24.027,23.6152613440981,21.0081629380036
12.53,24.86951974682,24.8682613440981,22.678
12.54,23.8206403375734,23.6013182078693,22.079
12.55,23.0696403375734,22.5273182078692,22.386
12.56,24.495,22.1743182078692,21.3051629380036
12.57,24.112,24.277,21.3551629380036
12.58,24.794,23.37,21.918
12.59,23.8946403375734,23.79,22.4436277964973
12.6,25.092,22.87,21.989
12.61,22.9566403375734,22.7733182078692,22.6806277964973
12.62,24.016,24.0612613440981,22.9766277964973
12.63,23.8256403375734,23.246,23.3776277964973
12.64,24.478,24.237,21.5431629380036
12.65,24.555,23.7422613440981,21.777
12.66,24.952,23.399,23.4446277964973
12.67,22.9476403375734,23.395,22.498
12.68,24.256,24.105,21.3051629380036
12.69,23.9266403375734,23.035,21.6201629380036
12.7,25.132,22.8923182078692,21.6011629380036
12.71,25.54451974682,24.075,20.7551629380036
12.72,23.939,22.8313182078692,22.23
12.73,25.337,23.487,21.581
12.74,24.95,23.3873182078692,21.3041629380036
12.75,23.7216403375734,23.735,23.029
12.76,24.339,22.2733182078692,21.9781629380036
12.77,25.51351974682,23.719,23.1636277964973
12.78,24.533,23.432,22.108
12.79,24.828,24.6042613440981,22.7496277964973
12.8,23.73,23.274,22.356
12.81,24.476,23.532,22.16
12.82,24.649,22.8653182078693,21.1501629380036
12.83,24.383,23.969,21.6281629380036
12.84,23.1646403375734,23.75,23.0516277964973
12.85,23.903,23.606,21.0581629380036
12.86,23.9576403375734,24.4432613440981,22.228
12.87,24.804,24.242,22.383
12.88,24.565,24.6732613440981,23.011
12.89,24.74351974682,23.708,21.1771629380036
12.9,25.00651974682,24.071,21.3341629380036
12.91,23.5076403375734,23.322,22.811
12.92,26.37051974682,24.23,22.571
12.93,23.5536403375734,23.952,22.6841629380036
12.94,25.24151974682,22.8743182078693,22.851
12.95,24.13,24.6682613440981,21.2411629380036
12.96,23.7726403375734,23.604,22.529
12.97,25.043,23.585,21.933
12.98,24.921,23.687,22.737
12.99,23.8676403375734,24.4642613440981,22.263
13,24.555,23.739,22.508
13.01,24.903,23.596,22.256
13.02,24.838,23.606,22.733
13.03,23.759,24.7872613440981,22.268
13.04,25.30151974682,22.4663182078693,21.8981629380036
13.05,24.442,23.342,21.919
13.06,25.135,22.7973182078692,22.162
13.07,25.198,23.0083182078693,22.879
13.08,25.28251974682,23.519,22.8176277964973
13.09,24.475,22.8883182078693,21.6961629380036
13.1,24.0296403375734,23.752,23.241
13.11,25.00151974682,23.887,23.4506277964973
13.12,24.528,25.1402613440981,23.5076277964973
13.13,24.695,24.049,22.311
13.14,25.33751974682,22.8773182078693,23.2926277964973
13.15,24.85351974682,23.784,22.271
13.16,24.371,24.066,21.4711629380036
13.17,24.598,24.242,21.9511629380036
13.18,24.639,24.664,21.4041629380036
13.19,24.209,23.767,22.252
13.2,24.588,23.987,22.27
13.21,25.57851974682,24.9932613440981,22.866
13.22,25.44551974682,24.008,23.5356277964973
13.23,23.4416403375734,24.335,22.9206277964973
13.24,23.6766403375734,23.725,21.4251629380036
13.25,23.9156403375734,23.1933182078693,21.5001629380036
13.26,25.332,22.8683182078693,22.886
13.27,24.343,23.927,21.7931629380036
13.28,24.98051974682,24.019,22.851
13.29,25.044,23.925,23.9596277964973
13.3,23.5696403375734,23.911,22.314
13.31,24.72,22.4143182078693,23.3116277964973
13.32,24.675,24.219,21.9341629380036
13.33,24.372,25.0142613440981,21.8861629380036
13.34,25.55651974682,24.387,22.563
13.35,24.546,24.8882613440981,21.4501629380036
13.36,24.185,24.216,23.6696277964973
13.37,25.242,23.2783182078693,21.922
13.38,23.5896403375734,24.319,23.1616277964973
13.39,25.055,24.51,22.248
13.4,25.74151974682,23.0663182078693,23.4416277964973
13.41,26.10951974682,24.127,21.1201629380036
13.42,24.637,23.943,21.6211629380036
13.43,23.9196403375734,24.4332613440981,22.578
13.44,23.7266403375734,23.891,22.588
13.45,23.9336403375734,22.6743182078692,21.6371629380036
13.46,25.184,23.847,22.564
13.47,24.943,24.9532613440981,22.9646277964973
13.48,24.652,23.895,22.9346277964973
13.49,24.94251974682,24.15,22.05
13.5,24.797,23.924,22.1391629380036
13.51,24.914,24.373,21.5711629380036
13.52,24.943,24.406,22.682
13.53,24.631,24.151,23.031
13.54,24.3796403375734,24.1062613440981,22.0201629380036
13.55,24.0216403375734,23.0293182078692,22.811
13.56,24.728,25.0502613440981,23.2986277964973
13.57,23.4166403375734,24.371,23.2926277964973
13.58,23.6406403375734,24.347,23.6856277964973
13.59,23.2706403375734,24.16,22.404
13.6,25.47751974682,23.5373182078693,23.072
13.61,25.65151974682,24.382,22.656
13.62,25.84351974682,23.298,23.2196277964973
13.63,24.693,24.64,23.191
13.64,24.755,22.8673182078692,23.205
13.65,23.4626403375734,24.209,23.111
13.66,24.927,23.1623182078693,22.3281629380036
13.67,23.7576403375734,23.0863182078693,22.62
13.68,24.382,23.1903182078693,23.7576277964973
13.69,24.611,23.983,22.539
13.7,26.525,23.1673182078693,22.77
13.71,23.9666403375734,23.945,23.5716277964973
13.72,24.734,24.205,22.965
13.73,23.7016403375734,23.5283182078693,22.665
13.74,24.708,24.231,22.4151629380036
13.75,25.19251974682,24.5862613440981,23.4976277964973
13.76,25.90151974682,24.866,22.641
13.77,24.908,23.0333182078693,22.3491629380036
13.78,24.703,24.191,22.979
13.79,24.1736403375734,24.138,23.4596277964973
13.8,24.638,25.8752613440981,23.133
13.81,25.71951974682,24.665,22.42
13.82,24.399,23.1623182078693,21.8981629380036
13.83,24.186,24.434,22.921
13.84,24.086,25.0682613440981,22.756
13.85,24.1696403375734,25.0052613440981,22.804
13.86,24.569,25.1082613440981,22.49
13.87,26.17351974682,23.829,23.7436277964973
13.88,25.288,23.897,22.644
13.89,24.747,23.873,23.079
13.9,24.082,22.7203182078693,22.2551629380036
13.91,23.9626403375734,22.9003182078693,22.852
13.92,25.89351974682,25.3052613440981,22.565
13.93,23.5946403375734,23.771,21.947
13.94,24.818,24.482,22.2131629380036
13.95,24.943,24.464,23.14
13.96,24.819,23.2863182078693,23.388
13.97,23.6306403375734,24.348,23.6096277964973
13.98,24.654,23.708,22.755
13.99,24.779,23.646,21.8491629380036
14,24.627,24.134,22.855
14.01,24.932,24.173,23.027
14.02,24.502,23.708,22.2481629380036
14.03,25.73151974682,25.3642613440981,23.1986277964973
14.04,23.4506403375734,22.5813182078692,23.6406277964973
14.05,24.693,24.6402613440981,23.512
14.06,24.735,25.0862613440981,23
14.07,24.877,23.4253182078692,21.8871629380036
14.08,25.05,25.0062613440981,23.768
14.09,23.4206403375734,23.0453182078693,23.4
14.1,25.056,24.279,21.4841629380036
14.11,25.328,23.5563182078692,22.974
14.12,25.205,24.399,23.193
14.13,23.7006403375734,24.309,23.9616277964973
14.14,24.965,23.5563182078692,22.854
14.15,24.676,24.059,22.54
14.16,24.568,24.514,23.4196277964973
14.17,24.1806403375734,23.2083182078693,23.6826277964973
14.18,25.132,23.0083182078693,22.0471629380036
14.19,25.272,24.655,21.5981629380036
14.2,24.93,25.1122613440981,22.482
14.21,24.446,23.766,23.019
14.22,23.6466403375734,24.656,23.575
14.23,24.0046403375734,23.5313182078693,23.08
14.24,25.039,23.2143182078693,23.104
14.25,25.27751974682,23.5653182078693,23.037
14.26,25.28551974682,24.578,23.227
14.27,24.404,24.054,23.8066277964973
14.28,25.94951974682,23.3073182078693,21.6121629380036
14.29,23.7686403375734,25.18,23.211
14.3,24.502,24.002,22.9861629380036
14.31,26.03551974682,23.3443182078693,23.193
14.32,25.10551974682,24.779,23.443
14.33,23.5386403375734,24.9842613440981,23.336
14.34,25.04151974682,24.651,23.055
14.35,23.2076403375734,24.0223182078693,22.875
14.36,24.793,24.651,23.526
14.37,25.643,24.633,23.016
14.38,23.8046403375734,24.776,23.8626277964973
14.39,24.764,24.49,22.5341629380036
14.4,24.711,24.484,22.0861629380036
14.41,25.177,24.653,23.4716277964973
14.42,24.584,23.1123182078693,22.5741629380036
14.43,24.275,24.933,22.6021629380036
14.44,25.65851974682,24.7972613440981,22.1591629380036
14.45,24.287,24.477,23.9336277964973
14.46,25.81551974682,24.308,23.047
14.47,24.763,24.592,22.3571629380036
14.48,23.1696403375734,24.356,22.681
14.49,23.6676403375734,24.312,23.2466277964973
14.5,24.6266403375734,24.7632613440981,22.3031629380036
14.51,23.5506403375734,23.6543182078692,23.204
14.52,25.55351974682,23.3533182078693,22.2921629380036
14.53,24.3546403375734,24.989,22.943
14.54,25.03,24.615,22.947
14.55,23.3916403375734,24.787,23.328
14.56,25.282,24.3173182078692,24.3036277964973
14.57,24.264,23.6483182078692,24.3286277964973
14.58,24.779,23.8983182078692,23.214
14.59,23.6806403375734,25.354,23.363
14.6,23.6356403375734,23.5393182078693,23.191
14.61,25.01,23.94,22.946
14.62,25.259,23.827,23.243
14.63,25.178,25.5882613440981,22.45
14.64,25.16751974682,23.8313182078692,22.885
14.65,23.5256403375734,24.915,24.1106277964973
14.66,24.0366403375734,24.499,22.9541629380036
14.67,24.387,24.894,22.994
14.68,24.921,24.6782613440981,22.0371629380036
14.69,25.64,24.1213182078693,23.311
14.7,24.622,25.0182613440981,22.688
14.71,24.6,23.8253182078693,23.598
14.72,24.207,22.8373182078692,22.459
14.73,25.088,23.4953182078692,22.7031629380036
14.74,25.299,24.033,21.9501629380036
14.75,25.74451974682,25.1602613440981,23.748
14.76,25.23,25.284,23.154
14.77,24.565,23.987,22.9411629380036
14.78,24.935,25.095,23.016
14.79,24.831,24.63,23.8276277964973
14.8,24.277,24.469,22.959
14.81,24.916,25.2002613440981,24.0906277964973
14.82,24.678,24.243,22.0191629380036
14.83,24.2656403375734,24.268,22.3221629380036
14.84,25.017,24.323,23.57
14.85,24.065,25.0512613440981,23.925
14.86,24.573,24.96,23.7526277964973
14.87,25.124,24.837,24.4366277964973
14.88,24.5,23.5163182078693,22.0521629380036
14.89,23.3036403375734,23.989,23.438
14.9,24.643,24.297,22.641
14.91,24.566,24.037,22.8161629380036
14.92,25.262,24.532,22.833
14.93,23.8866403375734,23.9343182078693,23.098
14.94,24.926,24.286,22.1911629380036
14.95,25.67751974682,24.027,23.111
14.96,24.031,24.415,22.3071629380036
14.97,24.566,24.782,23.229
14.98,24.2046403375734,24.8782613440981,23.09
14.99,25.43651974682,23.2153182078692,22.5191629380036
15,25.683,23.5843182078692,23.571
15.01,25.32,23.2933182078693,22.6881629380036
15.02,25.104,23.6293182078693,23.7816277964973
15.03,24.4696403375734,24.344,23.1141629380036
15.04,23.7776403375734,24.173,23.9106277964973
15.05,24.985,24.287,23.599
15.06,25.518,24.0693182078693,23.4706277964973
15.07,23.1696403375734,23.4703182078693,23.689
15.08,23.6166403375734,25.3102613440981,22.9841629380036
15.09,25.62551974682,24.347,21.9581629380036
15.1,25.291,24.154,22.4931629380036
15.11,25.303,25.0902613440981,22.6151629380036
15.12,25.465,25.0902613440981,23.196
15.13,25.84751974682,24.244,23.3861629380036
15.14,23.6066403375734,24.428,22.236
15.15,24.381,24.657,22.6141629380036
15.16,25.107,24.212,23.07
15.17,23.7236403375734,24.284,23.176
15.18,24.356,24.542,22.691
15.19,25.179,25.006,23.9206277964973
15.2,24.902,25.1192613440981,22.9991629380036
15.21,23.6416403375734,23.3633182078692,23.6396277964973
15.22,23.7496403375734,23.7063182078692,22.5041629380036
15.23,24.798,24.519,23.9996277964973
15.24,24.0796403375734,25.115,23.368
15.25,25.326,24.54,22.0401629380036
15.26,25.042,23.1103182078692,24.4846277964973
15.27,25.271,25.163,23.257
15.28,26.00451974682,24.939,21.7671629380036
15.29,23.9936403375734,24.633,22.8291629380036
15.3,24.37,23.5353182078692,23.256
15.31,24.558,24.7382613440981,23.778
15.32,25.32,24.645,23.7496277964973
15.33,24.3136403375734,24.134,23.222
15.34,25.93751974682,25.1922613440981,23.324
15.35,25.569,23.7873182078693,22.0621629380036
15.36,25.291,24.625,23.777
15.37,24.524,23.4753182078693,23.656
15.38,24.67,24.962,24.2676277964973
15.39,24.4006403375734,23.6923182078692,22.2021629380036
15.4,23.9046403375734,24.715,23.392
15.41,25.36651974682,24.353,22.957
15.42,25.305,24.841,23.54
15.43,24.4876403375734,23.2783182078693,23.213
15.44,24.86,23.4903182078693,23.288
15.45,24.965,24.0633182078693,22.7591629380036
15.46,25.068,24.748,23.56
15.47,25.275,25.268,23.159
15.48,25.61851974682,24.862,23.297
15.49,25.20051974682,23.6823182078693,23.639
15.5,25.44,24.133,22.7171629380036
15.51,24.73,24.271,24.1856277964973
15.52,24.394,24.815,24.0516277964973
15.53,24.988,24.509,23.543
15.54,25.018,24.3313182078692,23.682
15.55,24.856,25.7902613440981,23.729
15.56,23.6306403375734,25.039,22.4091629380036
15.57,24.2796403375734,25.3792613440981,22.6371629380036
15.58,24.741,24.443,23.088
15.59,23.9196403375734,24.398,23.649
15.6,24.995,24.491,22.2821629380036
15.61,24.2126403375734,24.7762613440981,22.982
15.62,24.754,24.464,24.6556277964973
15.63,25.92151974682,23.4843182078693,24.6396277964973
15.64,24.81,24.708,23.673
15.65,24.955,24.694,23.097
15.66,24.727,24.068,24.1186277964973
15.67,25.95151974682,25.0762613440981,23.283
15.68,25.37551974682,23.6423182078692,22.9311629380036
15.69,24.4276403375734,24.684,23.008
15.7,25.23,23.7223182078693,24.0546277964973
15.71,24.1166403375734,25.1192613440981,22.978
15.72,24.409,24.639,22.2321629380036
15.73,25.45451974682,24.922,22.5631629380036
15.74,24.872,25.3202613440981,23.456
15.75,23.5976403375734,23.5453182078693,22.3061629380036
15.76,25.412,24.652,23.661
15.77,24.369,24.593,24.179
15.78,24.502,24.182,23.227
15.79,23.7696403375734,25.4792613440981,22.6881629380036
15.8,24.924,24.874,23.309
15.81,25.103,24.93,23.132
15.82,24.714,23.4613182078693,24.024
15.83,24.059,24.725,24.0556277964973
15.84,24.2736403375734,24.768,23.2001629380036
15.85,25.151,25.6762613440981,22.4861629380036
15.86,24.741,24.59,23.321
15.87,23.7006403375734,23.6643182078693,23.247
15.88,25.124,24.828,23.0481629380036
15.89,24.703,23.9223182078692,22.7661629380036
15.9,24.59,23.5153182078692,23.155
15.91,25.413,24.492,23.669
15.92,25.125,23.2433182078693,23.852
15.93,25.60251974682,24.511,22.8751629380036
15.94,25.038,25.118,24.4216277964973
15.95,25.89351974682,24.8302613440981,23.275
15.96,25.232,24.535,24.5426277964973
15.97,23.8036403375734,23.0833182078693,24.463
15.98,24.323,23.8983182078692,23.163
15.99,25.21651974682,24.359,23.367
16,25.677,25.8782613440981,24.1936277964973
16.01,24.295,23.7793182078692,23.79
16.02,24.4186403375734,24.298,23.74
16.03,25.08,24.3422613440981,22.2111629380036
16.04,24.833,24.783,23.37
16.05,23.8826403375734,24.45,23.1021629380036
16.06,25.66151974682,23.939,23.289
16.07,23.5566403375734,24.961,23.397
16.08,24.114,24.593,22.0671629380036
16.09,25.58551974682,24.7252613440981,23.211
16.1,24.818,25.405,22.9681629380036
16.11,25.014,25.6092613440981,23.802
16.12,24.953,24.972,24.3236277964973
16.13,24.754,24.627,22.0211629380036
16.14,24.593,24.483,23.33
16.15,25.346,24.915,22.6411629380036
16.16,24.798,24.584,22.9201629380036
16.17,25.17,23.5343182078693,23.524
16.18,25.72851974682,24.921,23.251
16.19,23.4396403375734,24.657,23.099
16.2,26.33851974682,23.7433182078693,23.0781629380036
16.21,23.8676403375734,25.4892613440981,23.983
16.22,24.875,25.1272613440981,24.046
16.23,24.845,25.051,23.41
16.24,24.63,24.676,23.456
16.25,24.905,24.44,23.927
16.26,25.473,24.483,23.775
16.27,24.76,24.507,24.3356277964973
16.28,26.02451974682,24.793,23.621
16.29,25.10951974682,25.2962613440981,23.797
16.3,23.5186403375734,24.726,22.6031629380036
16.31,25.519,24.2153182078692,23.906
16.32,25.46751974682,24.433,22.8641629380036
16.33,24.952,24.617,22.5641629380036
16.34,24.2456403375734,23.4513182078692,23.93
16.35,24.3436403375734,24.719,23.7186277964973
16.36,25.36,24.988,23.045
16.37,24.3386403375734,24.966,23.618
16.38,24.932,24.483,23.173
16.39,23.7456403375734,24.601,24.1456277964973
16.4,24.581,24.625,24.1886277964973
16.41,25.162,24.799,22.826
16.42,25.33,24.1163182078692,23.327
16.43,25.211,24.15,23.577
16.44,25.31251974682,23.572,24.3406277964973
16.45,24.1756403375734,24.441,23.488
16.46,24.945,24.983,24.176
16.47,23.2926403375734,24.546,24.6076277964973
16.48,25.89151974682,24.2863182078693,24.35
16.49,25.543,24.4153182078693,23.1171629380036
16.5,25.192,23.8143182078692,24.089
16.51,24.467,25.381,23.8836277964973
16.52,25.409,25.8672613440981,24.1
16.53,24.738,25.5242613440981,23.0711629380036
16.54,24.973,24.731,24.5846277964973
16.55,23.6136403375734,23.7423182078692,23.98
16.56,25.25751974682,24.907,23.114
16.57,25.01,24.8792613440981,23.3811629380036
16.58,25.22351974682,25.7592613440981,24.116
16.59,23.8626403375734,23.5063182078692,22.5271629380036
16.6,26.47651974682,24.396,22.7021629380036
16.61,24.523,25.437,23.922
16.62,25.408,23.7133182078692,23.956
16.63,24.2736403375734,23.4213182078693,22.7331629380036
16.64,25.37,24.611,24.6216277964973
16.65,23.9816403375734,24.518,23.541
16.66,26.05451974682,25.3052613440981,24.9976277964973
16.67,24.94,23.9433182078693,23.486
16.68,25.539,24.9182613440981,23.205
16.69,24.3646403375734,25.7602613440981,24.5556277964973
16.7,25.108,24.998,22.8081629380036
16.71,25.90551974682,23.4043182078692,23.458
16.72,25.106,25.3142613440981,23.612
16.73,24.0726403375734,25.3692613440981,23.856
16.74,24.1696403375734,25.1822613440981,22.2781629380036
16.75,25.019,25.9172613440981,22.3461629380036
16.76,25.058,23.2083182078693,24.253
16.77,24.4936403375734,23.6553182078693,22.6041629380036
16.78,24.2806403375734,24.714,23.506
16.79,24.6486403375734,24.747,23.618
16.8,25.27051974682,23.8843182078692,23.915
16.81,23.6686403375734,25.5242613440981,23.63
16.82,24.733,24.468,23.352
16.83,25.54851974682,26.4162613440981,23.3821629380036
16.84,23.4236403375734,24.368,22.9501629380036
16.85,25.617,23.518,23.239
16.86,23.6436403375734,24.648,23.389
16.87,25.80651974682,22.7163182078693,24.2176277964973
16.88,24.748,25.295,23.533
16.89,25.124,25.578,22.4441629380036
16.9,24.0416403375734,23.5693182078693,24.513
16.91,23.7426403375734,24.816,23.933
16.92,23.8096403375734,25.551,23.852
16.93,25.884,25.3372613440981,23.519
16.94,24.824,24.31,23.561
16.95,22.9676403375734,25.14,23.623
16.96,24.848,26.0332613440981,22.8361629380036
16.97,24.3726403375734,24.6962613440981,24.0836277964973
16.98,24.1896403375734,24.102,23.848
16.99,25.189,25.8472613440981,22.9051629380036
17,24.577,24.185,24.1406277964973
17.01,25.364,25.211,24.044
17.02,24.3186403375734,24.538,22.7161629380036
17.03,23.6776403375734,23.0743182078693,23.754
17.04,24.1756403375734,24.31,24.4206277964973
17.05,24.0866403375734,24.993,24.199
17.06,25.77051974682,25.125,23.541
17.07,25.62851974682,24.791,23.812
17.08,25.419,23.6283182078692,24.185
17.09,25.275,24.1303182078693,23.438
17.1,24.316,23.9833182078692,23.054
17.11,23.5936403375734,23.7123182078692,24.3006277964973
17.12,25.28,24.1673182078693,24.13
17.13,23.6476403375734,24.713,23.79
17.14,24.371,24.754,24.12
17.15,24.921,25.7222613440981,25.0526277964973
17.16,25.127,26.0932613440981,23.726
17.17,25.221,24.531,24.162
17.18,24.257,24.174,23.366
17.19,24.4986403375734,23.8663182078692,22.7631629380036
17.2,26.17951974682,24.39,24.4766277964973
17.21,25.58851974682,25.372,23.0681629380036
17.22,24.169,24.5953182078693,23.654
17.23,24.5096403375734,25.065,23.0511629380036
17.24,23.6346403375734,24.926,24.5326277964973
17.25,25.66051974682,25.6142613440981,23.55
17.26,24.2196403375734,24.841,23.7046277964973
17.27,26.11251974682,25.9832613440981,22.9411629380036
17.28,25.037,25.0632613440981,24.7976277964973
17.29,25.637,24.3303182078693,23.424
17.3,24.806,23.8973182078693,22.8731629380036
17.31,25.347,23.6423182078692,23.818
17.32,24.229,25.246,23.2561629380036
17.33,25.61351974682,25.3832613440981,23.993
17.34,24.709,24.867,23.172
17.35,24.873,23.2403182078693,23.724
17.36,24.718,25.8262613440981,22.9651629380036
17.37,25.519,25.4932613440981,23.625
17.38,25.13,23.4833182078692,23.652
17.39,26.09651974682,23.7763182078692,24.209
17.4,24.86,24.575,24.073
17.41,25.034,24.661,23.4271629380036
17.42,24.643,23.6253182078692,22.7141629380036
17.43,25.378,25.3562613440981,24.221
17.44,24.1636403375734,26.0562613440981,22.6631629380036
17.45,25.02751974682,25.3362613440981,23.784
17.46,25.137,24.687,23.58
17.47,25.095,25.7342613440981,24.131
17.48,26.43151974682,24.1573182078692,23.862
17.49,24.751,24.789,24.53
17.5,24.822,24.1943182078693,24.5206277964973
17.51,25.65151974682,24.609,23.81
17.52,25.79251974682,24.874,23.0121629380036
17.53,24.814,24.4273182078692,23.992
17.54,25.249,25.2072613440981,23.836
17.55,24.938,25.4382613440981,24.052
17.56,24.879,25.2602613440981,23.944
17.57,24.371,24.57,24.25
17.58,24.613,24.871,24.017
17.59,25.40551974682,23.5083182078693,23.441
17.6,23.3566403375734,24.763,23.1241629380036
17.61,25.223,25.0012613440981,23.869
17.62,24.658,23.9693182078693,23.379
17.63,24.544,25.067,22.9921629380036
17.64,24.717,24.806,23.902
17.65,23.6166403375734,24.178,24.006
17.66,24.847,24.757,22.6381629380036
17.67,23.9976403375734,25.019,23.921
17.68,24.975,25.0122613440981,23.9836277964973
17.69,25.50551974682,24.871,23.757
17.7,23.9296403375734,23.7273182078692,23.679
17.71,23.9846403375734,23.1223182078692,24.042
17.72,25.27851974682,25.4742613440981,22.8391629380036
17.73,25.359,24.973,23.0371629380036
17.74,24.3306403375734,24.926,24.057
17.75,25.028,25.102,23.1871629380036
17.76,25.206,25.071,23.783
17.77,24.2576403375734,24.0403182078693,22.8811629380036
17.78,25.98651974682,23.8833182078693,22.9681629380036
17.79,24.837,24.969,24.375
17.8,24.722,25.19,24.405
17.81,23.9446403375734,24.605,22.8371629380036
17.82,25.471,25.2722613440981,24.7916277964973
17.83,25.09651974682,24.821,23.612
17.84,24.4066403375734,24.5983182078693,23.571
17.85,25.57451974682,24.294,22.4741629380036
17.86,24.5,23.6963182078693,23.5261629380036
17.87,23.8726403375734,25.195,24.218
17.88,24.7496403375734,25.9782613440981,24.7426277964973
17.89,25.487,24.0413182078692,23.941
17.9,24.344,23.7483182078693,23.046
17.91,24.996,24.945,22.8121629380036
17.92,24.416,25.7622613440981,23.867
17.93,25.98451974682,24.61,23.7791629380036
17.94,26.43051974682,25.111,23.939
17.95,25.66551974682,24.39,24.7096277964973
17.96,26.11551974682,25.014,23.642
17.97,25.101,25.7722613440981,23.631
17.98,25.374,24.667,23.0191629380036
17.99,24.801,23.4263182078693,22.9591629380036
18,25.325,24.839,23.301
18.01,25.46051974682,24.421,23.929
18.02,24.617,25.2742613440981,23.7131629380036
18.03,24.296,24.3593182078693,23.3591629380036
18.04,25.369,25.4542613440981,24.383
18.05,25.151,24.868,23.0961629380036
18.06,24.733,23.8453182078693,23.818
18.07,24.6266403375734,23.3963182078692,23.35
18.08,24.594,23.918,24.1896277964973
18.09,26.32251974682,25.4982613440981,23.861
18.1,24.993,24.4083182078693,24.013
18.11,25.347,24.6713182078693,23.68
18.12,23.2476403375734,24.452,24.1876277964973
18.13,24.458,24.274,24.08
18.14,25.579,24.346,23.521
18.15,24.664,24.711,24.6906277964973
18.16,24.78,24.492,23.868
18.17,24.0226403375734,24.4023182078692,24.155
18.18,23.9046403375734,23.7843182078693,23.2451629380036
18.19,25.614,24.726,23.3141629380036
18.2,24.55,25.1962613440981,24.197
18.21,24.958,24.532,22.7231629380036
18.22,25.10851974682,24.53,23.497
18.23,23.6896403375734,24.937,23.1841629380036
18.24,23.6096403375734,26.2882613440981,23.526
18.25,26.03751974682,25.8352613440981,23.657
18.26,25.126,24.661,24.052
18.27,24.797,23.6643182078693,22.8871629380036
18.28,24.727,25.139,24.209
18.29,23.9176403375734,23.7413182078692,24.289
18.3,25.221,24.1793182078693,24.168
18.31,25.47751974682,26.1022613440981,25.2036277964973
18.32,24.276,24.127,23.2761629380036
18.33,24.729,23.4353182078693,23.2511629380036
18.34,24.73,23.2963182078693,24.6306277964973
18.35,25.53,24.3643182078692,24.5086277964973
18.36,24.805,24.775,23.422
18.37,25.50251974682,23.7803182078693,23.2011629380036
18.38,24.1116403375734,23.8473182078693,22.8011629380036
18.39,24.0356403375734,25.101,24.6106277964973
18.4,24.66,24.76,22.5411629380036
18.41,24.947,24.836,24.423
18.42,24.55,25.8762613440981,22.8421629380036
18.43,24.989,25.534,24.5976277964973
18.44,24.1596403375734,25.177,23.838
18.45,25.181,25.5312613440981,24.7376277964973
18.46,24.3386403375734,25.1142613440981,24.5216277964973
18.47,24.418,25.7622613440981,24.8466277964973
18.48,25.096,24.307,24.36
18.49,25.72951974682,25.6932613440981,23.634
18.5,24.1936403375734,24.609,24.441
18.51,23.8336403375734,24.922,23.709
18.52,25.013,26.1382613440981,24.249
18.53,25.81551974682,23.816,23.2241629380036
18.54,24.1626403375734,25.5032613440981,24.038
18.55,25.865,24.327,24.329
18.56,23.8146403375734,25.63,24.1756277964973
18.57,24.136,24.999,24.659
18.58,25.96351974682,24.91,23.955
18.59,25.317,24.147,23.633
18.6,26.06951974682,23.6153182078693,22.9751629380036
18.61,24.677,24.1493182078692,24.5006277964973
18.62,24.88051974682,24.879,23.69
18.63,24.99,24.105,24.061
18.64,23.9836403375734,25.107,23.2951629380036
18.65,23.7516403375734,24.732,24.3666277964973
18.66,24.729,23.7863182078693,23.51
18.67,24.709,24.614,23.866
18.68,24.1946403375734,23.8843182078692,22.8861629380036
18.69,24.938,24.961,23.738
18.7,25.88351974682,25.173,25.1666277964973
18.71,23.6246403375734,24.9,24.8596277964973
18.72,23.7486403375734,24.745,23.709
18.73,24.781,25.7082613440981,23.794
18.74,24.4286403375734,25.6902613440981,22.8521629380036
18.75,23.8956403375734,23.8933182078692,23.887
18.76,24.459,23.6863182078692,24.9646277964973
18.77,25.272,23.9003182078693,23.928
18.78,25.072,25.052,24.49
18.79,24.93,24.845,24.201
18.8,24.0126403375734,24.315,24.4246277964973
18.81,25.409,25.137,24
18.82,25.525,24.602,22.6881629380036
18.83,24.0706403375734,24.695,24.317
18.84,25.181,23.5533182078692,23.789
18.85,24.843,24.489,24.277
18.86,25.20751974682,25.3302613440981,23.769
18.87,24.33,25.1852613440981,23.542
18.88,25.893,25.4162613440981,24.11
18.89,24.754,24.1253182078692,23.913
18.9,25.291,25.009,24.037
18.91,25.228,25.238,25.1176277964973
18.92,25.57151974682,25.4192613440981,24.09
18.93,25.197,24.876,24.6856277964973
18.94,24.987,25.8902613440981,24.117
18.95,25.123,25.144,23.1381629380036
18.96,23.6906403375734,25.2222613440981,23.5951629380036
18.97,24.977,25.7442613440981,25.0386277964973
18.98,24.602,24.568,23.5561629380036
18.99,25.552,25.296,23.896
19,24.2566403375734,24.0803182078693,23.3931629380036
19.01,25.04551974682,25.116,25.1926277964973
19.02,24.78,24.352,24.4506277964973
19.03,24.296,24.882,23.2391629380036
19.04,25.263,24.983,24.588
19.05,23.7166403375734,25.3192613440981,24.4216277964973
19.06,25.37051974682,24.2773182078692,24.442
19.07,25.158,23.7913182078692,23.985
19.08,25.058,24.803,23.3021629380036
19.09,25.64,25.301,24.108
19.1,25.73051974682,24.868,25.1996277964973
19.11,24.36,25.9412613440981,23.78
19.12,24.893,24.0173182078692,23.663
19.13,26.03951974682,23.6983182078692,25.1046277964973
19.14,25.46851974682,24.57,23.1481629380036
19.15,25.335,24.2983182078693,24.15
19.16,24.937,24.357,24.682
19.17,25.022,25.8062613440981,23.901
19.18,24.907,24.821,23.821
19.19,25.99351974682,24.609,23.723
19.2,25.67651974682,24.6613182078693,24.682
19.21,24.5346403375734,25.15,23.593
19.22,25.291,25.5692613440981,23.845
19.23,25.64251974682,23.7593182078692,24.4736277964973
19.24,25.114,25.2882613440981,24.085
19.25,24.463,25.513,23.691
19.26,25.363,25.3122613440981,23.3751629380036
19.27,25.102,25.3242613440981,24.046
19.28,25.58951974682,23.9253182078692,24.143
19.29,24.549,25.37,24.301
19.3,23.9366403375734,24.2993182078692,23.561
19.31,24.964,23.6743182078692,23.9731629380036
19.32,25.94751974682,24.719,23.73
19.33,24.0796403375734,25.154,23.737
19.34,25.232,25.023,23.2631629380036
19.35,24.828,23.5383182078692,24.7306277964973
19.36,24.96,26.1022613440981,23.708
19.37,24.0386403375734,24.846,23.8066277964973
19.38,25.61151974682,25.338,24.137
19.39,25.16751974682,24.666,23.368
19.4,26.16751974682,25.8112613440981,24.077
19.41,24.0336403375734,25.46,23.896
19.42,26.53051974682,24.156,23.963
19.43,24.654,23.9063182078693,23.338
19.44,25.517,25.655,23.737
19.45,24.766,24.3423182078693,23.766
19.46,25.457,25.6272613440981,25.0726277964973
19.47,24.714,25.386,24.9466277964973
19.48,24.804,23.8223182078693,22.8841629380036
19.49,24.528,25.427,23.747
19.5,23.7516403375734,23.2203182078693,23.958
19.51,24.3226403375734,25.113,24.519
19.52,24.91051974682,25.5242613440981,24.3656277964973
19.53,25.573,24.523,23.835
19.54,25.389,25.415,23.0201629380036
19.55,24.662,24.973,22.7551629380036
19.56,26.25551974682,25.791,23.1711629380036
19.57,24.454,24.816,23.867
19.58,24.74,25.0482613440981,24.2836277964973
19.59,25.497,25.537,24.108
19.6,24.0616403375734,25.3602613440981,24.689
19.61,25.034,24.871,24.263
19.62,24.2876403375734,26.2302613440981,22.2751629380036
19.63,24.755,25.111,23.4701629380036
19.64,24.654,26.1142613440981,23.896
19.65,25.047,24.32,24.7736277964973
19.66,25.82751974682,24.806,22.9121629380036
19.67,23.2446403375734,23.7343182078693,24.8946277964973
19.68,24.5376403375734,25.315,23.0271629380036
19.69,25.98751974682,25.574,23.516
19.7,25.389,25.3652613440981,23.632
19.71,26.20451974682,23.8533182078693,23.823
19.72,24.966,24.826,24.306
19.73,23.9216403375734,23.4843182078693,23.3721629380036
19.74,24.88,24.2413182078692,23.2771629380036
19.75,24.2366403375734,23.4703182078693,23.885
19.76,24.821,25.8422613440981,25.4176277964973
19.77,24.694,24.833,23.889
19.78,25.87851974682,24.735,23.956
19.79,25.162,25.007,23.4191629380036
19.8,24.0696403375734,24.542,23.883
19.81,24.975,25.075,23.804
19.82,24.1956403375734,23.3623182078693,25.1006277964973
19.83,25.39351974682,23.8683182078693,24.6836277964973
19.84,24.881,25.5092613440981,24.3586277964973
19.85,25.13,23.5933182078692,23.935
19.86,25.356,24.0693182078693,23.3311629380036
19.87,25.279,25.2022613440981,23.595
19.88,23.3196403375734,24.5833182078693,23.3091629380036
19.89,25.074,25.042,24.334
19.9,23.6076403375734,24.1803182078692,23.2931629380036
19.91,24.3266403375734,24.777,22.7491629380036
19.92,25.97151974682,24.972,24.567
19.93,24.787,26.0522613440981,23.4971629380036
19.94,25.174,25.1862613440981,22.7681629380036
19.95,25.296,23.6953182078692,23.1941629380036
19.96,25.373,23.7333182078692,23.8201629380036
19.97,24.0846403375734,24.723,25.1136277964973
19.98,24.785,24.1813182078692,23.876
19.99,24.968,24.4523182078693,23.2461629380036
20,23.8806403375734,24.854,25.1826277964973
20.01,25.532,25.4462613440981,24.586
20.02,23.8536403375734,24.1113182078692,24.075
20.03,24.521,24.899,24.9866277964973
20.04,24.578,24.4253182078692,24.9506277964973
20.05,25.44951974682,24.869,23.876
20.06,25.09051974682,24.779,24.4656277964973
20.07,23.4586403375734,24.675,25.1266277964973
20.08,25.036,23.9303182078692,23.907
20.09,23.4236403375734,25.021,24.064
20.1,24.901,25.9092613440981,24.171
20.11,25.135,25.432,23.1591629380036
20.12,24.759,26.1222613440981,24.6
20.13,26.02451974682,25.071,23.758
20.14,25.102,24.0533182078692,23.2931629380036
20.15,24.6186403375734,24.8132613440981,24.6946277964973
20.16,25.036,24.1673182078693,24.9646277964973
20.17,24.71,24.2953182078693,24.019
20.18,23.97,25.422,23.7
20.19,24.5016403375734,24.763,24.9736277964973
20.2,25.362,24.388,24.8676277964973
20.21,24.4626403375734,25.2062613440981,24.3136277964973
20.22,25.403,25.295,24.209
20.23,24.675,24.333,24.224
20.24,25.33,24.258,24.126
20.25,23.7686403375734,24.987,24.06
20.26,24.4476403375734,24.927,23.1371629380036
20.27,25.43151974682,24.819,24.9196277964973
20.28,25.12,24.428,23.885
20.29,25.183,23.8733182078693,23.1851629380036
20.3,26.08951974682,24.715,24.209
20.31,24.1786403375734,24.371,23.834
20.32,24.891,24.975,24.029
20.33,24.96,23.1153182078693,23.815
20.34,23.7276403375734,25.156,24.382
20.35,23.5646403375734,25.8092613440981,23.4971629380036
20.36,25.229,24.501,23.2561629380036
20.37,23.4936403375734,24.1073182078693,23.876
20.38,25.10751974682,24.98,23.848
20.39,24.93851974682,25.024,24.203
20.4,24.0536403375734,25.232,24.177
20.41,24.893,24.484,23.6061629380036
20.42,25.265,23.4213182078693,24.255
20.43,25.461,25.1052613440981,24.312
20.44,24.843,24.3333182078693,23.494
20.45,24.3546403375734,25.096,24.068
20.46,23.8566403375734,26.0102613440981,23.8921629380036
20.47,25.96551974682,25.55,22.8731629380036
20.48,26.15751974682,24.2743182078692,24.554
20.49,24.951,25.048,23.841
20.5,25.99551974682,25.042,23.477
20.51,25.21,25.5742613440981,24.4576277964973
20.52,23.7486403375734,25.4982613440981,25.0506277964973
20.53,25.235,24.862,23.692
20.54,25.262,23.9403182078693,24.233
20.55,24.681,25.212,24.169
20.56,24.739,25.4762613440981,23.7661629380036
20.57,23.7696403375734,24.83,24.314
20.58,25.073,24.2183182078692,23.4051629380036
20.59,26.13651974682,24.247,25.3626277964973
20.6,23.9566403375734,24.976,24.324
20.61,24.0126403375734,24.283,22.9061629380036
20.62,25.241,25.426,24.7356277964973
20.63,25.75851974682,25.131,24.8206277964973
20.64,24.901,24.802,22.3991629380036
20.65,25.015,24.946,23.4641629380036
20.66,24.752,25.232,24.4536277964973
20.67,23.7256403375734,24.2053182078693,22.6731629380036
20.68,25.331,24.4293182078693,23.2761629380036
20.69,25.589,25.1022613440981,24.059
20.7,24.556,25.3782613440981,23.757
20.71,23.4876403375734,25.052,24.322
20.72,23.8266403375734,24.963,24.141
20.73,25.018,24.807,23.0291629380036
20.74,24.4976403375734,25.239,23.3181629380036
20.75,25.245,24.654,23.4551629380036
20.76,24.2226403375734,24.381,24.179
20.77,24.766,24.3163182078693,25.5176277964973
20.78,25.27751974682,25.6322613440981,24.044
20.79,24.353,23.8623182078693,23.2611629380036
20.8,25.18,24.822,23.0191629380036
20.81,25.242,24.211,23.933
20.82,26.27351974682,25.013,23.679
20.83,25.82651974682,24.703,24.031
20.84,24.964,24.755,23.0941629380036
20.85,25.241,25.2922613440981,24.7696277964973
20.86,24.1636403375734,24.93,24.6646277964973
20.87,24.993,25.3372613440981,23.0481629380036
20.88,24.843,25.006,23.3221629380036
20.89,24.5546403375734,25.5102613440981,24.7646277964973
20.9,24.95,25.404,23.0011629380036
20.91,24.352,23.8023182078692,24.155
20.92,23.7316403375734,24.4513182078692,24.7036277964973
20.93,23.7456403375734,24.926,24.9206277964973
20.94,25.223,25.12,25.1066277964973
20.95,24.804,25.153,23.5261629380036
20.96,24.1836403375734,24.995,24.425
20.97,24.855,23.9053182078693,23.496
20.98,25.278,24.8543182078693,24.4326277964973
20.99,23.7446403375734,24.858,23.7251629380036
21,24.977,24.15,24.521
21.01,24.55,24.688,24.082
21.02,25.629,23.6283182078692,23.1631629380036
21.03,25.35051974682,24.73,23.3271629380036
21.04,24.666,25.079,24.29
21.05,25.78451974682,25.185,24.588
21.06,24.982,24.358,24.312
21.07,25.04,24.6982613440981,23.863
21.08,25.24551974682,25.579,24.015
21.09,23.8176403375734,25.7682613440981,23.862
21.1,25.288,24.806,24.491
21.11,23.7256403375734,25.203,23.27
21.12,24.996,25.6252613440981,23.894
21.13,25.168,23.8083182078692,24.149
21.14,25.437,25.091,23.795
21.15,26.13051974682,24.903,23.6551629380036
21.16,24.856,24.3343182078692,24.542
21.17,25.141,25.407,23.2151629380036
21.18,25.80651974682,25.017,24.8536277964973
21.19,25.049,24.978,23.4351629380036
21.2,23.8386403375734,23.9243182078692,24.178
21.21,24.422,26.0402613440981,23.4211629380036
21.22,24.853,24.818,23.969
21.23,24.622,24.8,24.8996277964973
21.24,25.229,26.3562613440981,23.2461629380036
21.25,24.807,25.7882613440981,23.698
21.26,25.71551974682,25.143,24.077
21.27,24.6186403375734,25.5212613440981,24.5006277964973
21.28,24.901,25.532,24.143
21.29,25.091,24.853,24.7016277964973
21.3,25.068,24.0433182078693,24.072
21.31,24.4286403375734,24.1573182078692,24.069
21.32,25.82051974682,25.6362613440981,23.626
21.33,25.142,25.005,24.4046277964973
21.34,25.243,24.33,23.671
21.35,25.005,24.4253182078692,24.41
21.36,24.0276403375734,23.8433182078692,24.9766277964973
21.37,24.0076403375734,25.2272613440981,24.8276277964973
21.38,25.468,24.931,23.924
21.39,24.951,24.887,24.3
21.4,23.6726403375734,25.2412613440981,23.967
21.41,25.36151974682,24.104,24.018
21.42,25.94651974682,23.4613182078693,23.1671629380036
21.43,24.996,25.056,24.399
21.44,25.98751974682,25.102,24.6186277964973
21.45,24.2326403375734,24.777,24.108
21.46,25.549,24.688,23.538
21.47,25.384,24.606,24.009
21.48,24.828,25.9852613440981,24.69
21.49,24.843,25.038,24.5526277964973
21.5,23.6736403375734,25.403,23.965
21.51,25.122,26.1822613440981,24.4876277964973
21.52,25.233,24.2063182078692,22.7801629380036
21.53,25.72451974682,25.096,23.3441629380036
21.54,24.1736403375734,25.304,23.5441629380036
21.55,23.5876403375734,25.029,24.8416277964973
21.56,23.9036403375734,25.3652613440981,24.554
21.57,23.6626403375734,25.313,23.742
21.58,24.629,23.4843182078693,24.126
21.59,23.7766403375734,23.6053182078692,23.916
21.6,24.808,25.05,24.9266277964973
21.61,24.942,24.958,24.417
21.62,23.5436403375734,24.1213182078693,24.246
21.63,25.481,25.192,23.529
21.64,25.266,25.113,23.1961629380036
21.65,25.075,25.202,24.476
21.66,24.589,23.4453182078692,24.4256277964973
21.67,26.20151974682,25.6452613440981,23.714
21.68,26.42151974682,25.585,24.542
21.69,24.835,26.1562613440981,23.687
21.7,25.52751974682,25.304,25.0966277964973
21.71,24.895,24.1593182078693,24.168
21.72,25.73051974682,25.038,24.9706277964973
21.73,23.7566403375734,25.7402613440981,24.226
21.74,24.667,24.445,25.1596277964973
21.75,25.0096403375734,25.6652613440981,24.565
21.76,24.0086403375734,24.849,24.6876277964973
21.77,23.7676403375734,23.7003182078693,23.0361629380036
21.78,25.50551974682,24.99,23.145
21.79,23.0376403375734,24.763,22.9291629380036
21.8,24.9,26.0842613440981,24.25
21.81,25.13,25.048,24.9226277964973
21.82,25.88051974682,24.498,23.803
21.83,24.621,25.7242613440981,23.802
21.84,24.511,23.5603182078693,24.147
21.85,26.05351974682,24.18,24.6076277964973
21.86,25.055,24.185,24.013
21.87,24.492,24.2613182078693,22.7391629380036
21.88,24.882,24.1863182078692,23.4431629380036
21.89,26.41651974682,24.3353182078692,23.7911629380036
21.9,24.5856403375734,24.397,23.952
21.91,25.189,23.7643182078693,24.158
21.92,24.1886403375734,24.6313182078692,24.295
21.93,25.478,25.8902613440981,23.513
21.94,25.265,24.814,23.793
21.95,24.9,24.838,24.079
21.96,24.3286403375734,25.514,24.386
21.97,23.5306403375734,25.055,24.203
21.98,25.088,24.48,25.1516277964973
21.99,24.634,25.386,24.1
22,26.13551974682,25.056,23.659
22.01,25.667,25.167,24.629
22.02,25.086,24.636,24.228
22.03,25.237,24.267,23.3331629380036
22.04,24.1016403375734,24.359,24.243
22.05,24.831,24.0673182078692,25.2546277964973
22.06,24.957,24.515,23.6691629380036
22.07,23.4766403375734,25.087,23.753
22.08,24.972,25.239,24.202
22.09,25.785,25.255,24.579
22.1,24.647,24.8822613440981,23.6791629380036
22.11,26.41751974682,25.4602613440981,25.0956277964973
22.12,25.21,24.1693182078692,23.7031629380036
22.13,25.28951974682,25.7192613440981,23.641
22.14,25.09,25.076,23.3951629380036
22.15,24.868,24.87,22.9651629380036
22.16,25.002,25.148,24.344
22.17,25.58551974682,24.88,25.2266277964973
22.18,25.022,23.8063182078692,22.9181629380036
22.19,24.789,26.0372613440981,24.629
22.2,24.602,25.012,22.4331629380036
22.21,23.2746403375734,24.573,23.566
22.22,24.776,26.0442613440981,24.9116277964973
22.23,24.909,24.0223182078693,22.8001629380036
22.24,24.2486403375734,25.072,24.6386277964973
22.25,24.7,24.3133182078693,23.1991629380036
22.26,24.594,24.087,24.6606277964973
22.27,26.09451974682,24.0603182078693,23.0271629380036
22.28,24.0956403375734,24.2843182078693,24.195
22.29,25.69,25.5262613440981,23.663
22.3,24.2386403375734,25.314,23.985
22.31,25.43151974682,24.915,25.0656277964973
22.32,25.217,24.989,24.8286277964973
22.33,25.112,24.914,23.4651629380036
22.34,24.0336403375734,25.9182613440981,24.063
22.35,25.06,25.113,24.8896277964973
22.36,25.388,24.2193182078693,23.5031629380036
22.37,24.6256403375734,25.3592613440981,23.0901629380036
22.38,24.2486403375734,25.0802613440981,24.017
22.39,25.85651974682,25.149,24.156
22.4,25.015,25.571,24.313
22.41,24.557,24.3083182078692,23.8201629380036
22.42,24.816,24.664,23.672
22.43,24.997,24.709,24.105
22.44,23.983,24.661,23.4221629380036
22.45,24.3636403375734,24.858,23.403
22.46,23.5696403375734,24.1333182078693,23.627
22.47,24.797,25.487,22.6591629380036
22.48,26.02151974682,24.938,25.4126277964973
22.49,24.714,25.551,23.1501629380036
22.5,26.27751974682,24.536,25.1406277964973
22.51,25.249,24.938,24.563
22.52,24.782,24.428,24.3306277964973
22.53,24.71,25.23,24.472
22.54,24.5476403375734,24.775,23.8441629380036
22.55,24.421,24.944,24.204
22.56,24.75,24.511,23.0611629380036
22.57,25.427,24.24,24.399
22.58,24.891,24.978,24.613
22.59,24.66,23.4413182078693,24.874
22.6,25.66251974682,25.5932613440981,23.2511629380036
22.61,25.944,24.2813182078693,24.086
22.62,24.498,24.4513182078692,22.9571629380036
22.63,23.8786403375734,24.779,23.812
22.64,25.173,23.9003182078693,24.341
22.65,25.247,24.902,23.1411629380036
22.66,24.636,24.765,23.7281629380036
22.67,24.931,24.39,24.439
22.68,24.2066403375734,23.8463182078692,24.138
22.69,23.8376403375734,24.975,24.6226277964973
22.7,24.0326403375734,24.823,23.839
22.71,25.264,25.7072613440981,24.9096277964973
22.72,24.783,24.835,24.35
22.73,25.67151974682,25.464,24.8566277964973
22.74,25.01751974682,24.722,23.1001629380036
22.75,24.0146403375734,24.993,24.577
22.76,25.121,24.256,24.836
22.77,25.383,24.479,24.024
22.78,24.733,24.462,24.355
22.79,25.063,24.343,22.7841629380036
22.8,25.91,25.291,25.0396277964973
22.81,25.19,24.75,23.969
22.82,25.489,23.6943182078693,23.0151629380036
22.83,24.4676403375734,25.315,23.4101629380036
22.84,23.8266403375734,25.22,23.885
22.85,24.904,24.39,22.9611629380036
22.86,25.471,24.588,23.887
22.87,24.2726403375734,24.3833182078693,23.425
22.88,25.298,24.56,24.4716277964973
22.89,24.4146403375734,24.72,24.336
22.9,24.1856403375734,24.382,23.8011629380036
22.91,24.522,23.4363182078692,24.289
22.92,25.2,24.942,23.919
22.93,24.0866403375734,24.2233182078693,24.184
22.94,24.3316403375734,25.3312613440981,22.8691629380036
22.95,24.706,24.981,25.2316277964973
22.96,24.7466403375734,25.8812613440981,23.738
22.97,25.227,25.6752613440981,23.4651629380036
22.98,24.5466403375734,24.759,24.2
22.99,25.066,24.4603182078692,24.381
23,24.2026403375734,26.0192613440981,24.382
23.01,25.89451974682,24.968,24.4696277964973
23.02,24.9526403375734,25.2802613440981,24.222
23.03,24.438,23.7013182078692,22.5931629380036
23.04,25.573,26.1942613440981,24.5736277964973
23.05,24.641,24.948,23.3911629380036
23.06,25.412,25.8062613440981,23.885
23.07,25.205,24.354,24.9986277964973
23.08,24.722,24.828,23.477
23.09,23.4546403375734,25.5462613440981,24.17
23.1,25.396,25.624,24.166
23.11,24.3026403375734,24.2543182078693,24.302
23.12,24.887,23.6933182078693,23.1641629380036
23.13,25.644,24.491,24.182
23.14,24.4386403375734,24.893,24.169
23.15,24.954,25.016,24.043
23.16,24.968,23.4373182078693,24.34
23.17,24.433,24.92,24.074
23.18,24.778,24.381,24.2886277964973
23.19,24.355,23.9383182078693,23.2331629380036
23.2,25.978,24.781,24.581
23.21,25.83651974682,23.9483182078692,24.066
23.22,23.4666403375734,24.897,23.4601629380036
23.23,25.14551974682,25.3112613440981,23.978
23.24,25.96651974682,24.838,25.1596277964973
23.25,24.3896403375734,25.9802613440981,24.046
23.26,26.17151974682,24.751,23.574
23.27,25.81251974682,24.0533182078692,24.123
23.28,25.82251974682,24.2973182078692,23.753
23.29,24.963,23.5783182078693,23.1341629380036
23.3,23.6576403375734,25.4042613440981,24.8336277964973
23.31,26.09151974682,23.9413182078693,24.3606277964973
23.32,25.563,24.699,23.962
23.33,24.635,24.936,24.264
23.34,25.323,24.327,23.656
23.35,24.98,25.116,24.6086277964973
23.36,24.5566403375734,24.701,24.042
23.37,24.0706403375734,25.64,24.55
23.38,26.23351974682,25.223,24.171
23.39,24.549,25.9522613440981,24.15
23.4,25.83051974682,25.437,23.899
23.41,25.438,23.7263182078693,24.306
23.42,24.646,25.6992613440981,24.452
23.43,25.048,25.061,23.2801629380036
23.44,24.472,24.359,23.2221629380036
23.45,25.191,25.7242613440981,24.327
23.46,24.652,24.968,24.112
23.47,24.976,24.669,24.437
23.48,24.719,25.3822613440981,23.789
23.49,24.886,24.467,23.776
23.5,24.854,24.1773182078692,24.3516277964973
23.51,24.297,25.1342613440981,24.361
23.52,25.86,24.9282613440981,24.219
23.53,25.247,24.1323182078693,24.452
23.54,24.433,25.322,24.235
23.55,24.2646403375734,25.315,24.6496277964973
23.56,23.7256403375734,25.4112613440981,24.11
23.57,24.583,24.871,24.135
23.58,24.552,24.866,24.416
23.59,23.7946403375734,24.761,23.794
23.6,23.4346403375734,25.066,24.178
23.61,25.077,23.6073182078693,24.206
23.62,25.55651974682,24.34,22.9471629380036
23.63,24.0426403375734,25.1302613440981,24.086
23.64,25.087,23.9013182078692,22.7411629380036
23.65,23.9036403375734,25.1102613440981,23.552
23.66,25.1,25.4152613440981,23.751
23.67,25.318,24.851,24.7196277964973
23.68,24.52,23.5143182078693,25.2096277964973
23.69,24.675,24.0553182078692,24.034
23.7,26.11151974682,23.8513182078693,24.091
23.71,23.4926403375734,24.3473182078693,23.892
23.72,25,24.886,24.051
23.73,25.139,24.2293182078693,24.838
23.74,23.7166403375734,24.5333182078693,23.3771629380036
23.75,23.2556403375734,25.161,24.243
23.76,24.459,24.7,25.0966277964973
23.77,23.9786403375734,25.1,24.581
23.78,24.971,24.535,24.338
23.79,24.5106403375734,24.368,24.829
23.8,23.7746403375734,25.496,23.765
23.81,24.38,25.8222613440981,24.11
23.82,24.0216403375734,24.689,24.193
23.83,24.0296403375734,25.507,24.8146277964973
23.84,25.88651974682,24.809,24.3926277964973
23.85,24.1776403375734,24.89,24.45
23.86,25.165,24.775,24.383
23.87,23.6806403375734,23.6003182078693,24.288
23.88,23.7086403375734,25.8712613440981,23.828
23.89,24.537,24.0673182078692,23.867
23.9,24.693,25.3,24.131
23.91,25.83551974682,25.5302613440981,24.188
23.92,25.56751974682,23.8673182078692,24.219
23.93,24.864,25.34,24.079
23.94,25.092,24.672,24.641
23.95,24.3606403375734,23.8553182078692,22.8371629380036
23.96,24.581,25.008,24.325
23.97,24.0136403375734,24.52,23.1681629380036
23.98,23.9206403375734,24.2383182078692,24.9026277964973
23.99,24.958,25.009,23.817
24,25.24,24.626,23.3271629380036
24.01,25.93351974682,25.306,23.2381629380036
24.02,22.9966403375734,24.845,24.175
24.03,24.889,24.776,23.811
24.04,25.23451974682,23.5333182078693,23.951
24.05,23.4556403375734,24.805,25.9066277964973
24.06,24.4376403375734,24.864,22.7651629380036
24.07,25.141,25.211,24.211
24.08,24.824,25.656,24.283
24.09,23.9426403375734,24.3183182078693,24.559
24.1,24.604,25.085,24.539
24.11,24.6446403375734,23.6833182078692,24.283
24.12,24.3386403375734,24.709,23.0961629380036
24.13,25.84751974682,24.1413182078693,23.976
24.14,25.44551974682,24.3483182078693,24.104
24.15,26.21151974682,25.071,22.9261629380036
24.16,25.47651974682,24.971,24.9176277964973
24.17,25.39951974682,25.496,23.757
24.18,23.9226403375734,24.791,23.5651629380036
24.19,23.8586403375734,23.6573182078692,24.357
24.2,25.344,24.827,24.337
24.21,23.6706403375734,24.2943182078692,22.8141629380036
24.22,25.39051974682,25.275,24.8316277964973
24.23,25.172,25.8432613440981,24.5366277964973
24.24,24.345,23.9833182078692,24.5756277964973
24.25,25.304,25.369,23.2231629380036
24.26,24.451,24.542,24.7166277964973
24.27,24.367,24.974,22.9971629380036
24.28,25.98451974682,24.109,23.394
24.29,25.31151974682,25.5922613440981,24.319
24.3,25.79751974682,25.7142613440981,23.721
24.31,25.111,25.364,24.256
24.32,24.1336403375734,24.545,23.0751629380036
24.33,25.892,24.69,24.81
24.34,24.819,24.3083182078692,24.292
24.35,25.001,25.3382613440981,23.9081629380036
24.36,24.1446403375734,25.7872613440981,23.975
24.37,25.26051974682,23.8183182078693,24.235
24.38,25.3,24.887,23.895
24.39,23.9416403375734,25.9372613440981,23.0581629380036
24.4,25.388,23.2003182078693,24.094
24.41,25.168,24.458,25.1886277964973
24.42,25.87351974682,24.056,24.006
24.43,25.233,25.5682613440981,24.386
24.44,24.863,25.057,24.343
24.45,24.0976403375734,25.4912613440981,25.1886277964973
24.46,24.3676403375734,24.3763182078693,23.3411629380036
24.47,24.528,25.242,23.0161629380036
24.48,25.77951974682,25.375,25.1166277964973
24.49,24.848,23.7543182078693,24.218
24.5,25.78151974682,24.1493182078692,23.4051629380036
24.51,24.835,24.0093182078692,23.5181629380036
24.52,24.844,23.7653182078692,23.3071629380036
24.53,24.329,26.2112613440981,23.854
24.54,25.14251974682,24.0553182078692,23.653
24.55,25.81351974682,25.054,23.0021629380036
24.56,24.652,25.2882613440981,24.478
24.57,24.795,25.31,23.924
24.58,24.0056403375734,23.9573182078692,24.316
24.59,25.087,24.052,24.067
24.6,25.24951974682,24.431,24.25
24.61,23.9056403375734,25,24.038
24.62,24.841,25.052,23.797
24.63,24.84,24.792,23.2301629380036
24.64,25.511,24.5543182078693,23.8891629380036
24.65,25.014,26.2372613440981,24.351
24.66,23.8676403375734,24.0843182078692,23.4111629380036
24.67,25.126,25.005,24.7956277964973
24.68,25.142,25.345,24.063
24.69,24.2036403375734,25.359,24.941
24.7,25.049,25.26,23.583
24.71,24.0896403375734,25.159,24.956
24.72,26.21851974682,25.109,24.091
24.73,24.816,25.7552613440981,23.624
24.74,24.94651974682,25.194,25.5636277964973
24.75,23.1316403375734,24.834,23.5581629380036
24.76,23.7746403375734,24.738,24.114
24.77,25.341,25.109,23.1451629380036
24.78,25.272,25.197,24.6316277964973
24.79,25.516,24.834,23.445
24.8,25.94051974682,25.5202613440981,24.277
24.81,24.0146403375734,24.406,23.9091629380036
24.82,24.807,25.074,23.2761629380036
24.83,25.59051974682,24.541,24.2
24.84,26.03651974682,25.751,23.821
24.85,24.3356403375734,25.0562613440981,24.583
24.86,24.546,24.895,24.495
24.87,25.08,25.3462613440981,24.068
24.88,24.963,24.2533182078692,23.3461629380036
24.89,25.01,25.28,24.031
24.9,24.3866403375734,25.7412613440981,23.502
24.91,26.28951974682,24.4693182078693,23.981
24.92,24.71,25.457,24.8
24.93,25.047,25.7412613440981,23.867
24.94,24.964,24.1323182078693,23.557
24.95,25.25,25.017,23.3591629380036
24.96,25.376,24.863,24.4256277964973
24.97,23.3616403375734,24.0863182078693,23.576
24.98,24.6646403375734,24.193,24.9896277964973
24.99,24.3886403375734,23.992,23.4031629380036
25,25.54151974682,24.747,23.3871629380036
